evidence_id,source_id,authority,title,url,locator,event_at,first_public_at,retrieved_at,entity_scope,period,unit,observed_value,temporal_state,rights_state,observation_sha256,notes
wmt_close_20260521,nasdaq_wmt_historical_20260521,Nasdaq,WMT historical close,https://api.nasdaq.com/api/quote/WMT/historical?assetclass=stocks&limit=5000&fromdate=2026-05-20&todate=2026-09-20,WMT 05/21/2026 close,2026-05-21T16:00:00-04:00,,2026-10-01T04:54:07.144141Z,WMT_COMMON_SHARE,2026-05-21,USD_PER_SHARE,121.34,RETROSPECTIVE_OBSERVATION,RIGHTS_UNVERIFIED_LOCATOR_ONLY,fdd070105e7eb2a67a98f78b27dd33e1999c9e20e3bd898729bb90bb72ce45e0,Historical API row was retrieved retrospectively; public timestamp and any later correction are unpinned. Price is a screening input only.
usd_ust10y_20260521,ust_daily_par_202605,U.S. Treasury,Daily Treasury par yield curve,https://home.treasury.gov/resource-center/data-chart-center/interest-rates/TextView?field_tdr_date_value_month=202605&type=daily_treasury_yield_curve,05/21/2026 10 Yr column,2026-05-21T15:30:00-04:00,,2026-10-01T04:54:07.144141Z,USD_TREASURY_10Y,2026-05-21,PERCENT,4.57,PUBLICATION_TIME_UNVERIFIED,GOVERNMENT_LOCATOR_ONLY,5c8308a69abaf5441246f462b3db7230013d5ae5388730d29728dae838779ba3,"Official indicative 3:30 PM bid-side curve; row publication time not identified; this is a par yield, not a zero rate."
usd_ust10y_20260520,ust_daily_par_202605,U.S. Treasury,Daily Treasury par yield curve,https://home.treasury.gov/resource-center/data-chart-center/interest-rates/TextView?field_tdr_date_value_month=202605&type=daily_treasury_yield_curve,05/20/2026 10 Yr column,2026-05-20T15:30:00-04:00,,2026-10-01T04:54:07.144141Z,USD_TREASURY_10Y,2026-05-20,PERCENT,4.57,PUBLICATION_TIME_UNVERIFIED,GOVERNMENT_LOCATOR_ONLY,714cfe9d81e569ce8730c1750d7ac00177d9dc1a87426e8d6dde2f3cc5531db4,Prior-day observed rate is identical; row publication timestamp not independently pinned.
wmt_2036_bond_spread_20260427,wmt_20260428_fwp_2036,Walmart Inc.; SEC EDGAR,Final term sheet 2036 fixed-rate note,https://www.sec.gov/Archives/edgar/data/104169/000119312526183374/d145944dfwp.htm,"Spread to benchmark Treasury 2036 note, lines 59-75",2026-04-27,2026-04-28T06:07:00-04:00,2026-10-01T04:54:07.144141Z,WALMART_INC_2036_NOTE,2026-04-27,BASIS_POINTS,43,PUBLIC_BEFORE_CUTOFF,PUBLIC_REGULATORY_LOCATOR_ONLY,72ed42e0845515be998c111d46241f75674572a3cb7d990a2a69881a71504c33,"SEC acceptance Apr 28 06:06:15 ET. Spread was priced April 27, not necessarily the May 21 market spread; YTM at issue 4.758%."
wmt_2036_bond_ytm_20260427,wmt_20260428_fwp_2036,Walmart Inc.; SEC EDGAR,Final term sheet 2036 fixed-rate note,https://www.sec.gov/Archives/edgar/data/104169/000119312526183374/d145944dfwp.htm,"Yield to maturity 2036 note, lines 71-75",2026-04-27,2026-04-28T06:07:00-04:00,2026-10-01T04:54:07.144141Z,WALMART_INC_2036_NOTE,2026-04-27,PERCENT,4.758,PUBLIC_BEFORE_CUTOFF,PUBLIC_REGULATORY_LOCATOR_ONLY,b92a326ef5bf0ecf2e7a3905f1333e3eabab0c0186dfcb1dd64cc783ce0eb2d5,Observed primary issue yield; not a May 21 secondary-market yield.
us_implied_erp_20260501,nyu_erp_may26,"Aswath Damodaran, NYU Stern",May 2026 implied ERP workbook,https://pages.stern.nyu.edu/~adamodar/pc/implprem/ERPMay26.xlsx,"Implied ERP (Monthly from 9-08), 2026-05-01 row, trailing 12-month sustainable payout ERP",2026-05-01,,2026-10-01T04:54:07.144141Z,US_EQUITY_MARKET,2026-05-01,PERCENT,4.24,AUTHOR_VINTAGE_PUBLICATION_UNVERIFIED,RESEARCH_RIGHTS_UNVERIFIED_LOCATOR_ONLY,445f9d2d8f6104515e8361c38d94770a8be97429f386852049e14faab18ad1df,"Workbook HTTP Last-Modified May 1 2026 19:03:19 GMT is not proof of first public availability. Author estimate, not an official market fact; workbook not retained."
us_implied_erp_t12m_20260501,nyu_erp_may26,"Aswath Damodaran, NYU Stern",May 2026 implied ERP workbook,https://pages.stern.nyu.edu/~adamodar/pc/implprem/ERPMay26.xlsx,"Implied ERP (Monthly from 9-08), 2026-05-01 row, T12M earnings ERP",2026-05-01,,2026-10-01T04:54:07.144141Z,US_EQUITY_MARKET,2026-05-01,PERCENT,4.36,AUTHOR_VINTAGE_PUBLICATION_UNVERIFIED,RESEARCH_RIGHTS_UNVERIFIED_LOCATOR_ONLY,672d136ccc821df02f70a12c50ca35e1ebc8d3692efc79838e10df855efc66af,Alternative workbook ERP definition. Do not combine with sustainable-payout 4.24% without labeling.
us_retail_general_beta_202601,nyu_sector_betas_jan26,"Aswath Damodaran, NYU Stern","Betas by Sector (US), January 2026",https://pages.stern.nyu.edu/adamodar/New_Home_Page/datafile/Betas.html,"Retail (General), 23 firms, equity beta",,,2026-10-01T04:54:07.144141Z,US_RETAIL_GENERAL_SECTOR,2026-01,DECIMAL,0.81,AUTHOR_VINTAGE_PUBLICATION_UNVERIFIED,RESEARCH_RIGHTS_UNVERIFIED_LOCATOR_ONLY,5b52013d841e19f9fb11ac2c6345064a30f16e2ef1dc0a2c58861c79e46d8ee4,"First-party sector estimate as of January 2026, not a Walmart measured beta. Exact first publication time unverified."
us_retail_grocery_beta_202601,nyu_sector_betas_jan26,"Aswath Damodaran, NYU Stern","Betas by Sector (US), January 2026",https://pages.stern.nyu.edu/adamodar/New_Home_Page/datafile/Betas.html,"Retail (Grocery and Food), 15 firms, equity beta",,,2026-10-01T04:54:07.144141Z,US_RETAIL_GROCERY_SECTOR,2026-01,DECIMAL,1.12,AUTHOR_VINTAGE_PUBLICATION_UNVERIFIED,RESEARCH_RIGHTS_UNVERIFIED_LOCATOR_ONLY,b385078b8b5cbb60b67d8341f6c404528298d52da65162695aa5b276319c8260,"First-party sector estimate as of January 2026, not a Walmart measured beta. Exact first publication time unverified."
fed_longrun_real_gdp_20260318,fomc_sep_20260318,Federal Reserve Board; FOMC,"Summary of Economic Projections, March 18 2026",https://www.federalreserve.gov/monetarypolicy/fomcprojtabl20260318.htm,Table 1 longer-run median change in real GDP,2026-03-18,2026-03-18T14:00:00-04:00,2026-10-01T04:54:07.144141Z,US_MACRO_LONG_RUN,2026-03-18,PERCENT,2.0,PUBLIC_BEFORE_CUTOFF,GOVERNMENT_LOCATOR_ONLY,6f94517676bc9da71a0603c6b39e3ed24924ee0846e4a539f2531670fcd89269,"FOMC participant median, macro context only; not Walmart terminal real growth."
fed_longrun_pce_20260318,fomc_sep_20260318,Federal Reserve Board; FOMC,"Summary of Economic Projections, March 18 2026",https://www.federalreserve.gov/monetarypolicy/fomcprojtabl20260318.htm,Table 1 longer-run median PCE inflation,2026-03-18,2026-03-18T14:00:00-04:00,2026-10-01T04:54:07.144141Z,US_MACRO_LONG_RUN,2026-03-18,PERCENT,2.0,PUBLIC_BEFORE_CUTOFF,GOVERNMENT_LOCATOR_ONLY,7166dd16155056d2b2ea06bf8c493938d71d1dc919f679e170ccc485b03ae3bf,"FOMC participant median, macro context only; not Walmart terminal inflation."
wmt_shares_20260311,wmt_fy26_10k_html_20260313,Walmart Inc.; SEC EDGAR,FY26 Form 10-K cover,https://www.sec.gov/Archives/edgar/data/104169/000010416926000055/wmt-20260131.htm,Common shares outstanding March 11 2026,2026-03-11,2026-03-13T16:06:24-04:00,2026-10-01T04:54:07.144141Z,WALMART_INC_COMMON,2026-03-11,SHARES,7972402501,PUBLIC_BEFORE_CUTOFF,PUBLIC_REGULATORY_LOCATOR_ONLY,1fe40e3d92783e701184ed4391cab3e605e561171f8cbc41c638314f48dfc125,Dated share count from 10-K cover; not exact May 21 shares. FY27 Q1 basic weighted-average shares 7969 million also not a spot count.
wmt_fy26_net_interest,wmt_fy26_10k_html_20260313,Walmart Inc.; SEC EDGAR,FY26 Form 10-K consolidated income statement,https://www.sec.gov/Archives/edgar/data/104169/000010416926000055/wmt-20260131.htm,"FY26 Interest, net, income statement line 1490",2026-01-31,2026-03-13T16:06:24-04:00,2026-10-01T04:54:07.144141Z,WALMART_CONSOLIDATED_GROUP,2025-02-01/2026-01-31,USD_MILLION,2431,PUBLIC_BEFORE_CUTOFF,PUBLIC_REGULATORY_LOCATOR_ONLY,3fba1bea33d899cb4d4e9fd8d4f0b48691364627bf832c64669e41ad80c8da59,"Debt interest 2318 plus finance lease interest 481 less interest income 368. Net P&L interest, not gross expense or cash paid."
wmt_fy26_interest_paid,wmt_fy26_10k_html_20260313,Walmart Inc.; SEC EDGAR,FY26 Form 10-K consolidated cash flow statement,https://www.sec.gov/Archives/edgar/data/104169/000010416926000055/wmt-20260131.htm,"FY26 cash interest paid, supplemental CF line 1706",2026-01-31,2026-03-13T16:06:24-04:00,2026-10-01T04:54:07.144141Z,WALMART_CONSOLIDATED_GROUP,2025-02-01/2026-01-31,USD_MILLION,2793,PUBLIC_BEFORE_CUTOFF,PUBLIC_REGULATORY_LOCATOR_ONLY,e0b66813c3983d4a538f69a416bfc4eb23f715c51d16bd4b382760db05d9edd1,Cash paid interest differs from net P&L interest.
wmt_fy27q1_net_interest,wmt_fy27q1_8k_ex991_20260521,Walmart Inc.; SEC EDGAR,FY27 Q1 8-K EX99.1 consolidated income statement,https://www.sec.gov/Archives/edgar/data/104169/000010416926000095/earningsreleasefy27q1.htm,"FY27 Q1 Interest, net, line 239",2026-04-30,2026-05-21T07:00:00-04:00,2026-10-01T04:54:07.144141Z,WALMART_CONSOLIDATED_GROUP,2026-02-01/2026-04-30,USD_MILLION,620,PUBLIC_BEFORE_CUTOFF,PUBLIC_REGULATORY_LOCATOR_ONLY,eb13763b0cd6fd089c0814c6bfc369f5d56644ae7793ccef1806167e785949ec,Debt interest 574 plus finance lease interest 125 less interest income 79. Other gains/losses separately affect pretax income.
wmt_fy27_sales_growth_guidance_cc_20260521,wmt_fy27q1_8k_ex991_20260521,Walmart Inc.; SEC EDGAR,FY27 Q1 8-K EX99.1 guidance as of May 21 2026,https://www.sec.gov/Archives/edgar/data/104169/000010416926000095/earningsreleasefy27q1.htm,"Guidance table lines 172-177: FY27 net sales growth, constant currency",2026-05-21,2026-05-21T07:00:00-04:00,2026-10-01T04:54:07.144141Z,WALMART_CONSOLIDATED_GROUP,FY27 ending 2027-01-31,PERCENT_RANGE,3.5-4.5,PUBLIC_BEFORE_CUTOFF,PUBLIC_REGULATORY_LOCATOR_ONLY,8296b558b3d69ca209861b073ccc144c90a62948375361e4d942befc33243a12,"Forward looking; constant currency, not USD GAAP reported sales growth."
wmt_fy27_adj_oi_growth_guidance_cc_20260521,wmt_fy27q1_8k_ex991_20260521,Walmart Inc.; SEC EDGAR,FY27 Q1 8-K EX99.1 guidance as of May 21 2026,https://www.sec.gov/Archives/edgar/data/104169/000010416926000095/earningsreleasefy27q1.htm,"Guidance table lines 172-183: FY27 adjusted operating income growth, constant currency",2026-05-21,2026-05-21T07:00:00-04:00,2026-10-01T04:54:07.144141Z,WALMART_CONSOLIDATED_GROUP,FY27 ending 2027-01-31,PERCENT_RANGE,6.0-8.0,PUBLIC_BEFORE_CUTOFF,PUBLIC_REGULATORY_LOCATOR_ONLY,c54ddb94b1171382873fefec3f6c66c06857edc18cbe5f3d1658ac1ef772d17e,Forward looking; adjusted operating income and constant currency; requires GAAP and FX bridge.
wmt_fy27_capex_sales_guidance_20260521,wmt_fy27q1_8k_ex991_20260521,Walmart Inc.; SEC EDGAR,FY27 Q1 8-K EX99.1 guidance as of May 21 2026,https://www.sec.gov/Archives/edgar/data/104169/000010416926000095/earningsreleasefy27q1.htm,Guidance table line 187: FY27 capital expenditures as share of net sales,2026-05-21,2026-05-21T07:00:00-04:00,2026-10-01T04:54:07.144141Z,WALMART_CONSOLIDATED_GROUP,FY27 ending 2027-01-31,PERCENT_APPROX,3.5,PUBLIC_BEFORE_CUTOFF,PUBLIC_REGULATORY_LOCATOR_ONLY,ea051fbfec037d145a102f153fb65f6c4bf527ceb611c4d6b568065eadc3ab53,Forward looking approximation; cash capex and investment accounting timing may differ.
wmt_fy27_etr_guidance_20260521,wmt_fy27q1_8k_ex991_20260521,Walmart Inc.; SEC EDGAR,FY27 Q1 8-K EX99.1 guidance as of May 21 2026,https://www.sec.gov/Archives/edgar/data/104169/000010416926000095/earningsreleasefy27q1.htm,Guidance table line 185: FY27 effective tax rate,2026-05-21,2026-05-21T07:00:00-04:00,2026-10-01T04:54:07.144141Z,WALMART_CONSOLIDATED_GROUP,FY27 ending 2027-01-31,PERCENT_RANGE,23.5-24.5,PUBLIC_BEFORE_CUTOFF,PUBLIC_REGULATORY_LOCATOR_ONLY,c7561e2411d2700c115e8ee50def55af9acded4ae17771e782691171cb6213c0,Forward looking consolidated effective tax rate; not automatically an FCFF marginal cash tax rate.
wmt_fy27_net_interest_increase_guidance_20260521,wmt_fy27q1_8k_ex991_20260521,Walmart Inc.; SEC EDGAR,FY27 Q1 8-K EX99.1 guidance as of May 21 2026,https://www.sec.gov/Archives/edgar/data/104169/000010416926000095/earningsreleasefy27q1.htm,Guidance table line 184: FY27 net interest increase,2026-05-21,2026-05-21T07:00:00-04:00,2026-10-01T04:54:07.144141Z,WALMART_CONSOLIDATED_GROUP,FY27 ending 2027-01-31,USD_MILLION_RANGE,200-300,PUBLIC_BEFORE_CUTOFF,PUBLIC_REGULATORY_LOCATOR_ONLY,9293b58276938bb4c86426af330c9a7dee0f3755cba9ee29955374ac728b1d98,"Forward looking increase relative to FY26 net interest, not gross borrowing cost."
