mapping_id,source_id,raw_account_id,raw_label,normalized_metric_id,effective_from,effective_to,mapping_reason,confidence,reviewer,review_status,sign_multiplier
map_wmt_fy25_10k_xbrl_20250314_e6dadc5355ad,wmt_fy25_10k_xbrl_20250314,us-gaap:AccountsPayableCurrent,AccountsPayableCurrent,accounts_payable,2024-01-31,2024-01-31,Direct XBRL source line in USD; sign preserved,HIGH,,APPROVED,+1
map_wmt_fy25_10k_xbrl_20250314_0690794ed704,wmt_fy25_10k_xbrl_20250314,us-gaap:AccruedLiabilitiesCurrent,AccruedLiabilitiesCurrent,accrued_liabilities,2024-01-31,2024-01-31,Direct XBRL source line in USD; sign preserved,HIGH,,APPROVED,+1
map_wmt_fy25_10k_xbrl_20250314_4c7b004e78ab,wmt_fy25_10k_xbrl_20250314,us-gaap:Assets,Assets,total_assets,2024-01-31,2024-01-31,Direct XBRL source line in USD; sign preserved,HIGH,,APPROVED,+1
map_wmt_fy25_10k_xbrl_20250314_6f2672bfcb05,wmt_fy25_10k_xbrl_20250314,us-gaap:AssetsCurrent,AssetsCurrent,current_assets,2024-01-31,2024-01-31,Direct XBRL source line in USD; sign preserved,HIGH,,APPROVED,+1
map_wmt_fy25_10k_xbrl_20250314_daea1c4a9793,wmt_fy25_10k_xbrl_20250314,us-gaap:CashAndCashEquivalentsAtCarryingValue,CashAndCashEquivalentsAtCarryingValue,cash_and_equivalents,2024-01-31,2024-01-31,Direct XBRL source line in USD; sign preserved,HIGH,,APPROVED,+1
map_wmt_fy25_10k_xbrl_20250314_3bbf61f1da5f,wmt_fy25_10k_xbrl_20250314,us-gaap:InventoryNet,InventoryNet,inventory,2024-01-31,2024-01-31,Direct XBRL source line in USD; sign preserved,HIGH,,APPROVED,+1
map_wmt_fy25_10k_xbrl_20250314_616e2ca2ad7f,wmt_fy25_10k_xbrl_20250314,us-gaap:LiabilitiesAndStockholdersEquity,LiabilitiesAndStockholdersEquity,total_liabilities_equity,2024-01-31,2024-01-31,Direct XBRL source line in USD; sign preserved,HIGH,,APPROVED,+1
map_wmt_fy25_10k_xbrl_20250314_db39ade49d4a,wmt_fy25_10k_xbrl_20250314,us-gaap:LiabilitiesCurrent,LiabilitiesCurrent,current_liabilities,2024-01-31,2024-01-31,Direct XBRL source line in USD; sign preserved,HIGH,,APPROVED,+1
map_wmt_fy25_10k_xbrl_20250314_c1995041419f,wmt_fy25_10k_xbrl_20250314,us-gaap:LongTermDebtCurrent,LongTermDebtCurrent,current_debt,2024-01-31,2024-01-31,Direct XBRL source line in USD; sign preserved,HIGH,,APPROVED,+1
map_wmt_fy25_10k_xbrl_20250314_4af21a1d21c4,wmt_fy25_10k_xbrl_20250314,us-gaap:LongTermDebtNoncurrent,LongTermDebtNoncurrent,noncurrent_debt,2024-01-31,2024-01-31,Direct XBRL source line in USD; sign preserved,HIGH,,APPROVED,+1
map_wmt_fy25_10k_xbrl_20250314_a4fb5c4de45c,wmt_fy25_10k_xbrl_20250314,us-gaap:PropertyPlantAndEquipmentNet,PropertyPlantAndEquipmentNet,ppe_net,2024-01-31,2024-01-31,Direct XBRL source line in USD; sign preserved,HIGH,,APPROVED,+1
map_wmt_fy25_10k_xbrl_20250314_e3b3dab295ae,wmt_fy25_10k_xbrl_20250314,us-gaap:ReceivablesNetCurrent,ReceivablesNetCurrent,receivables,2024-01-31,2024-01-31,Direct XBRL source line in USD; sign preserved,HIGH,,APPROVED,+1
map_wmt_fy25_10k_xbrl_20250314_e10949597e52,wmt_fy25_10k_xbrl_20250314,us-gaap:StockholdersEquityIncludingPortionAttributableToNoncontrollingInterest,StockholdersEquityIncludingPortionAttributableToNoncontrollingInterest,total_equity,2024-01-31,2024-01-31,Direct XBRL source line in USD; sign preserved,HIGH,,APPROVED,+1
map_wmt_fy26_10k_xbrl_20260313_00aff5e2ca5f,wmt_fy26_10k_xbrl_20260313,us-gaap:CostOfRevenue,CostOfRevenue,cost_of_sales_year,2023-02-01,2026-01-31,Direct XBRL source line in USD; sign preserved,HIGH,,APPROVED,+1
map_wmt_fy26_10k_xbrl_20260313_4d33fa42d8d2,wmt_fy26_10k_xbrl_20260313,us-gaap:DepreciationAmortizationAndAccretionNet,DepreciationAmortizationAndAccretionNet,depreciation_amortization_year,2023-02-01,2026-01-31,Direct XBRL source line in USD; sign preserved,HIGH,,APPROVED,+1
map_wmt_fy26_10k_xbrl_20260313_1e3002d7e971,wmt_fy26_10k_xbrl_20260313,us-gaap:EffectOfExchangeRateOnCashCashEquivalentsRestrictedCashAndRestrictedCashEquivalents,EffectOfExchangeRateOnCashCashEquivalentsRestrictedCashAndRestrictedCashEquivalents,fx_effect_on_cash_year,2023-02-01,2026-01-31,Direct XBRL source line in USD; sign preserved,HIGH,,APPROVED,+1
map_wmt_fy26_10k_xbrl_20260313_70da0fe0aec2,wmt_fy26_10k_xbrl_20260313,us-gaap:IncomeLossFromContinuingOperationsBeforeIncomeTaxesExtraordinaryItemsNoncontrollingInterest,IncomeLossFromContinuingOperationsBeforeIncomeTaxesExtraordinaryItemsNoncontrollingInterest,income_before_tax_year,2023-02-01,2026-01-31,Direct XBRL source line in USD; sign preserved,HIGH,,APPROVED,+1
map_wmt_fy26_10k_xbrl_20260313_2ad6a31a3689,wmt_fy26_10k_xbrl_20260313,us-gaap:IncomeTaxExpenseBenefit,IncomeTaxExpenseBenefit,income_tax_expense_year,2023-02-01,2026-01-31,Direct XBRL source line in USD; sign preserved,HIGH,,APPROVED,+1
map_wmt_fy26_10k_xbrl_20260313_290bfc165f27,wmt_fy26_10k_xbrl_20260313,us-gaap:NetCashProvidedByUsedInFinancingActivities,NetCashProvidedByUsedInFinancingActivities,financing_cash_flow_year,2023-02-01,2026-01-31,Direct XBRL source line in USD; sign preserved,HIGH,,APPROVED,+1
map_wmt_fy26_10k_xbrl_20260313_88237903c757,wmt_fy26_10k_xbrl_20260313,us-gaap:NetCashProvidedByUsedInInvestingActivities,NetCashProvidedByUsedInInvestingActivities,investing_cash_flow_year,2023-02-01,2026-01-31,Direct XBRL source line in USD; sign preserved,HIGH,,APPROVED,+1
map_wmt_fy26_10k_xbrl_20260313_d6a76ac23407,wmt_fy26_10k_xbrl_20260313,us-gaap:NetCashProvidedByUsedInOperatingActivities,NetCashProvidedByUsedInOperatingActivities,operating_cash_flow_year,2023-02-01,2026-01-31,Direct XBRL source line in USD; sign preserved,HIGH,,APPROVED,+1
map_wmt_fy26_10k_xbrl_20260313_0fe7a22030ae,wmt_fy26_10k_xbrl_20260313,us-gaap:NetIncomeLoss,NetIncomeLoss,consolidated_net_income_year,2023-02-01,2026-01-31,Direct XBRL source line in USD; sign preserved,HIGH,,APPROVED,+1
map_wmt_fy26_10k_xbrl_20260313_97f08a718825,wmt_fy26_10k_xbrl_20260313,us-gaap:OperatingIncomeLoss,OperatingIncomeLoss,operating_income_year,2023-02-01,2026-01-31,Direct XBRL source line in USD; sign preserved,HIGH,,APPROVED,+1
map_wmt_fy26_10k_xbrl_20260313_6168363478b8,wmt_fy26_10k_xbrl_20260313,us-gaap:PaymentsToAcquirePropertyPlantAndEquipment,PaymentsToAcquirePropertyPlantAndEquipment,capital_expenditure_payments_year,2023-02-01,2026-01-31,Direct XBRL source line in USD; sign preserved,HIGH,,APPROVED,+1
map_wmt_fy26_10k_xbrl_20260313_d817ba1a05a2,wmt_fy26_10k_xbrl_20260313,us-gaap:RevenueFromContractWithCustomerExcludingAssessedTax,RevenueFromContractWithCustomerExcludingAssessedTax,net_sales_year,2023-02-01,2026-01-31,Direct XBRL source line in USD; sign preserved,HIGH,,APPROVED,+1
map_wmt_fy26_10k_xbrl_20260313_f181667a2fb7,wmt_fy26_10k_xbrl_20260313,us-gaap:Revenues,Revenues,total_revenue_year,2023-02-01,2026-01-31,Direct XBRL source line in USD; sign preserved,HIGH,,APPROVED,+1
map_wmt_fy26_10k_xbrl_20260313_2767881d3621,wmt_fy26_10k_xbrl_20260313,us-gaap:SellingGeneralAndAdministrativeExpense,SellingGeneralAndAdministrativeExpense,operating_sga_year,2023-02-01,2026-01-31,Direct XBRL source line in USD; sign preserved,HIGH,,APPROVED,+1
map_wmt_fy26_10k_xbrl_20260313_e6dadc5355ad,wmt_fy26_10k_xbrl_20260313,us-gaap:AccountsPayableCurrent,AccountsPayableCurrent,accounts_payable,2025-01-31,2026-01-31,Direct XBRL source line in USD; sign preserved,HIGH,,APPROVED,+1
map_wmt_fy26_10k_xbrl_20260313_0690794ed704,wmt_fy26_10k_xbrl_20260313,us-gaap:AccruedLiabilitiesCurrent,AccruedLiabilitiesCurrent,accrued_liabilities,2025-01-31,2026-01-31,Direct XBRL source line in USD; sign preserved,HIGH,,APPROVED,+1
map_wmt_fy26_10k_xbrl_20260313_4c7b004e78ab,wmt_fy26_10k_xbrl_20260313,us-gaap:Assets,Assets,total_assets,2025-01-31,2026-01-31,Direct XBRL source line in USD; sign preserved,HIGH,,APPROVED,+1
map_wmt_fy26_10k_xbrl_20260313_6f2672bfcb05,wmt_fy26_10k_xbrl_20260313,us-gaap:AssetsCurrent,AssetsCurrent,current_assets,2025-01-31,2026-01-31,Direct XBRL source line in USD; sign preserved,HIGH,,APPROVED,+1
map_wmt_fy26_10k_xbrl_20260313_daea1c4a9793,wmt_fy26_10k_xbrl_20260313,us-gaap:CashAndCashEquivalentsAtCarryingValue,CashAndCashEquivalentsAtCarryingValue,cash_and_equivalents,2025-01-31,2026-01-31,Direct XBRL source line in USD; sign preserved,HIGH,,APPROVED,+1
map_wmt_fy26_10k_xbrl_20260313_285ed45a2499,wmt_fy26_10k_xbrl_20260313,us-gaap:CashCashEquivalentsRestrictedCashAndRestrictedCashEquivalents,CashCashEquivalentsRestrictedCashAndRestrictedCashEquivalents,cash_restricted_end,2025-01-31,2026-01-31,Direct XBRL source line in USD; sign preserved,HIGH,,APPROVED,+1
map_wmt_fy26_10k_xbrl_20260313_3bbf61f1da5f,wmt_fy26_10k_xbrl_20260313,us-gaap:InventoryNet,InventoryNet,inventory,2025-01-31,2026-01-31,Direct XBRL source line in USD; sign preserved,HIGH,,APPROVED,+1
map_wmt_fy26_10k_xbrl_20260313_616e2ca2ad7f,wmt_fy26_10k_xbrl_20260313,us-gaap:LiabilitiesAndStockholdersEquity,LiabilitiesAndStockholdersEquity,total_liabilities_equity,2025-01-31,2026-01-31,Direct XBRL source line in USD; sign preserved,HIGH,,APPROVED,+1
map_wmt_fy26_10k_xbrl_20260313_db39ade49d4a,wmt_fy26_10k_xbrl_20260313,us-gaap:LiabilitiesCurrent,LiabilitiesCurrent,current_liabilities,2025-01-31,2026-01-31,Direct XBRL source line in USD; sign preserved,HIGH,,APPROVED,+1
map_wmt_fy26_10k_xbrl_20260313_c1995041419f,wmt_fy26_10k_xbrl_20260313,us-gaap:LongTermDebtCurrent,LongTermDebtCurrent,current_debt,2025-01-31,2026-01-31,Direct XBRL source line in USD; sign preserved,HIGH,,APPROVED,+1
map_wmt_fy26_10k_xbrl_20260313_4af21a1d21c4,wmt_fy26_10k_xbrl_20260313,us-gaap:LongTermDebtNoncurrent,LongTermDebtNoncurrent,noncurrent_debt,2025-01-31,2026-01-31,Direct XBRL source line in USD; sign preserved,HIGH,,APPROVED,+1
map_wmt_fy26_10k_xbrl_20260313_a4fb5c4de45c,wmt_fy26_10k_xbrl_20260313,us-gaap:PropertyPlantAndEquipmentNet,PropertyPlantAndEquipmentNet,ppe_net,2025-01-31,2026-01-31,Direct XBRL source line in USD; sign preserved,HIGH,,APPROVED,+1
map_wmt_fy26_10k_xbrl_20260313_e3b3dab295ae,wmt_fy26_10k_xbrl_20260313,us-gaap:ReceivablesNetCurrent,ReceivablesNetCurrent,receivables,2025-01-31,2026-01-31,Direct XBRL source line in USD; sign preserved,HIGH,,APPROVED,+1
map_wmt_fy26_10k_xbrl_20260313_e10949597e52,wmt_fy26_10k_xbrl_20260313,us-gaap:StockholdersEquityIncludingPortionAttributableToNoncontrollingInterest,StockholdersEquityIncludingPortionAttributableToNoncontrollingInterest,total_equity,2025-01-31,2026-01-31,Direct XBRL source line in USD; sign preserved,HIGH,,APPROVED,+1
map_wmt_fy27q1_8k_ex991_20260521_8c75f9f13064,wmt_fy27q1_8k_ex991_20260521,html:income:Net sales,Net sales,net_sales_quarter,2025-02-01,2026-04-30,8-K presented USD millions; exact approved source extraction transform x1000000 to USD; published sign preserved,HIGH,,APPROVED,+1
map_wmt_fy27q1_8k_ex991_20260521_43a5359f52af,wmt_fy27q1_8k_ex991_20260521,html:income:Membership and other income,Membership and other income,membership_and_other_income_quarter,2025-02-01,2026-04-30,8-K presented USD millions; exact approved source extraction transform x1000000 to USD; published sign preserved,HIGH,,APPROVED,+1
map_wmt_fy27q1_8k_ex991_20260521_3f3183479de5,wmt_fy27q1_8k_ex991_20260521,html:income:Total revenues,Total revenues,total_revenue_quarter,2025-02-01,2026-04-30,8-K presented USD millions; exact approved source extraction transform x1000000 to USD; published sign preserved,HIGH,,APPROVED,+1
map_wmt_fy27q1_8k_ex991_20260521_ec8ade798621,wmt_fy27q1_8k_ex991_20260521,html:income:Cost of sales,Cost of sales,cost_of_sales_quarter,2025-02-01,2026-04-30,8-K presented USD millions; exact approved source extraction transform x1000000 to USD; published sign preserved,HIGH,,APPROVED,+1
map_wmt_fy27q1_8k_ex991_20260521_709dadee8acd,wmt_fy27q1_8k_ex991_20260521,"html:income:Operating, selling, general and administrative expenses","Operating, selling, general and administrative expenses",operating_sga_quarter,2025-02-01,2026-04-30,8-K presented USD millions; exact approved source extraction transform x1000000 to USD; published sign preserved,HIGH,,APPROVED,+1
map_wmt_fy27q1_8k_ex991_20260521_c251c328623b,wmt_fy27q1_8k_ex991_20260521,html:income:Operating income,Operating income,operating_income_quarter,2025-02-01,2026-04-30,8-K presented USD millions; exact approved source extraction transform x1000000 to USD; published sign preserved,HIGH,,APPROVED,+1
map_wmt_fy27q1_8k_ex991_20260521_4dd293383b87,wmt_fy27q1_8k_ex991_20260521,html:income:Income before income taxes,Income before income taxes,income_before_tax_quarter,2025-02-01,2026-04-30,8-K presented USD millions; exact approved source extraction transform x1000000 to USD; published sign preserved,HIGH,,APPROVED,+1
map_wmt_fy27q1_8k_ex991_20260521_920b85b11f5a,wmt_fy27q1_8k_ex991_20260521,html:income:Provision for income taxes,Provision for income taxes,income_tax_expense_quarter,2025-02-01,2026-04-30,8-K presented USD millions; exact approved source extraction transform x1000000 to USD; published sign preserved,HIGH,,APPROVED,+1
map_wmt_fy27q1_8k_ex991_20260521_d53b003f86d8,wmt_fy27q1_8k_ex991_20260521,html:income:Consolidated net income,Consolidated net income,consolidated_net_income_quarter,2025-02-01,2026-04-30,8-K presented USD millions; exact approved source extraction transform x1000000 to USD; published sign preserved,HIGH,,APPROVED,+1
map_wmt_fy27q1_8k_ex991_20260521_3559c3c71753,wmt_fy27q1_8k_ex991_20260521,html:income:Consolidated net income attributable to Walmart,Consolidated net income attributable to Walmart,parent_net_income_quarter,2025-02-01,2026-04-30,8-K presented USD millions; exact approved source extraction transform x1000000 to USD; published sign preserved,HIGH,,APPROVED,+1
map_wmt_fy27q1_8k_ex991_20260521_a1b6e04c8334,wmt_fy27q1_8k_ex991_20260521,html:balance:Cash and cash equivalents,Cash and cash equivalents,cash_and_equivalents,2025-04-30,2026-04-30,8-K presented USD millions; exact approved source extraction transform x1000000 to USD; published sign preserved,HIGH,,APPROVED,+1
map_wmt_fy27q1_8k_ex991_20260521_7ac0a1608350,wmt_fy27q1_8k_ex991_20260521,"html:balance:Receivables, net","Receivables, net",receivables,2025-04-30,2026-04-30,8-K presented USD millions; exact approved source extraction transform x1000000 to USD; published sign preserved,HIGH,,APPROVED,+1
map_wmt_fy27q1_8k_ex991_20260521_5ffd41a55aa1,wmt_fy27q1_8k_ex991_20260521,html:balance:Inventories,Inventories,inventory,2025-04-30,2026-04-30,8-K presented USD millions; exact approved source extraction transform x1000000 to USD; published sign preserved,HIGH,,APPROVED,+1
map_wmt_fy27q1_8k_ex991_20260521_8aab9316f823,wmt_fy27q1_8k_ex991_20260521,html:balance:Total current assets,Total current assets,current_assets,2025-04-30,2026-04-30,8-K presented USD millions; exact approved source extraction transform x1000000 to USD; published sign preserved,HIGH,,APPROVED,+1
map_wmt_fy27q1_8k_ex991_20260521_32feabeacc19,wmt_fy27q1_8k_ex991_20260521,"html:balance:Property and equipment, net","Property and equipment, net",ppe_net,2025-04-30,2026-04-30,8-K presented USD millions; exact approved source extraction transform x1000000 to USD; published sign preserved,HIGH,,APPROVED,+1
map_wmt_fy27q1_8k_ex991_20260521_ca1bd388e1e4,wmt_fy27q1_8k_ex991_20260521,html:balance:Total assets,Total assets,total_assets,2025-04-30,2026-04-30,8-K presented USD millions; exact approved source extraction transform x1000000 to USD; published sign preserved,HIGH,,APPROVED,+1
map_wmt_fy27q1_8k_ex991_20260521_f18e6a242203,wmt_fy27q1_8k_ex991_20260521,html:balance:Short-term borrowings,Short-term borrowings,short_term_borrowings,2025-04-30,2026-04-30,8-K presented USD millions; exact approved source extraction transform x1000000 to USD; published sign preserved,HIGH,,APPROVED,+1
map_wmt_fy27q1_8k_ex991_20260521_3100f2313c46,wmt_fy27q1_8k_ex991_20260521,html:balance:Accounts payable,Accounts payable,accounts_payable,2025-04-30,2026-04-30,8-K presented USD millions; exact approved source extraction transform x1000000 to USD; published sign preserved,HIGH,,APPROVED,+1
map_wmt_fy27q1_8k_ex991_20260521_eb4e5ac19211,wmt_fy27q1_8k_ex991_20260521,html:balance:Accrued liabilities,Accrued liabilities,accrued_liabilities,2025-04-30,2026-04-30,8-K presented USD millions; exact approved source extraction transform x1000000 to USD; published sign preserved,HIGH,,APPROVED,+1
map_wmt_fy27q1_8k_ex991_20260521_d10ff18cb9f7,wmt_fy27q1_8k_ex991_20260521,html:balance:Long-term debt due within one year,Long-term debt due within one year,current_debt,2025-04-30,2026-04-30,8-K presented USD millions; exact approved source extraction transform x1000000 to USD; published sign preserved,HIGH,,APPROVED,+1
map_wmt_fy27q1_8k_ex991_20260521_b876846bac04,wmt_fy27q1_8k_ex991_20260521,html:balance:Total current liabilities,Total current liabilities,current_liabilities,2025-04-30,2026-04-30,8-K presented USD millions; exact approved source extraction transform x1000000 to USD; published sign preserved,HIGH,,APPROVED,+1
map_wmt_fy27q1_8k_ex991_20260521_0719e6f980cd,wmt_fy27q1_8k_ex991_20260521,html:balance:Long-term debt,Long-term debt,noncurrent_debt,2025-04-30,2026-04-30,8-K presented USD millions; exact approved source extraction transform x1000000 to USD; published sign preserved,HIGH,,APPROVED,+1
map_wmt_fy27q1_8k_ex991_20260521_fe6174420e89,wmt_fy27q1_8k_ex991_20260521,html:balance:Total shareholders’ equity,Total shareholders’ equity,total_equity,2025-04-30,2026-04-30,8-K presented USD millions; exact approved source extraction transform x1000000 to USD; published sign preserved,HIGH,,APPROVED,+1
map_wmt_fy27q1_8k_ex991_20260521_b431c9db7e97,wmt_fy27q1_8k_ex991_20260521,"html:balance:Total liabilities, redeemable noncontrolling interest, and shareholders’ equity","Total liabilities, redeemable noncontrolling interest, and shareholders’ equity",total_liabilities_equity,2025-04-30,2026-04-30,8-K presented USD millions; exact approved source extraction transform x1000000 to USD; published sign preserved,HIGH,,APPROVED,+1
map_wmt_fy27q1_8k_ex991_20260521_ba8f27d067dc,wmt_fy27q1_8k_ex991_20260521,html:cash:Depreciation and amortization,Depreciation and amortization,depreciation_amortization_quarter,2025-02-01,2026-04-30,8-K presented USD millions; exact approved source extraction transform x1000000 to USD; published sign preserved,HIGH,,APPROVED,+1
map_wmt_fy27q1_8k_ex991_20260521_07ee66d3677e,wmt_fy27q1_8k_ex991_20260521,html:cash:Net cash provided by operating activities,Net cash provided by operating activities,operating_cash_flow_quarter,2025-02-01,2026-04-30,8-K presented USD millions; exact approved source extraction transform x1000000 to USD; published sign preserved,HIGH,,APPROVED,+1
map_wmt_fy27q1_8k_ex991_20260521_fb135704012a,wmt_fy27q1_8k_ex991_20260521,html:cash:Payments for property and equipment,Payments for property and equipment,capital_expenditure_payments_quarter,2025-02-01,2026-04-30,8-K presented USD millions; exact approved source extraction transform x1000000 to USD; parenthesized capex payment sign reversed to positive spend,HIGH,,APPROVED,-1
map_wmt_fy27q1_8k_ex991_20260521_1a03dd851299,wmt_fy27q1_8k_ex991_20260521,html:cash:Net cash used in investing activities,Net cash used in investing activities,investing_cash_flow_quarter,2025-02-01,2026-04-30,8-K presented USD millions; exact approved source extraction transform x1000000 to USD; published sign preserved,HIGH,,APPROVED,+1
map_wmt_fy27q1_8k_ex991_20260521_4306a44cb71a,wmt_fy27q1_8k_ex991_20260521,html:cash:Net cash provided by financing activities,Net cash provided by financing activities,financing_cash_flow_quarter,2025-02-01,2026-04-30,8-K presented USD millions; exact approved source extraction transform x1000000 to USD; published sign preserved,HIGH,,APPROVED,+1
map_wmt_fy27q1_8k_ex991_20260521_9e947ba9e59a,wmt_fy27q1_8k_ex991_20260521,"html:cash:Effect of exchange rates on cash, cash equivalents and restricted cash","Effect of exchange rates on cash, cash equivalents and restricted cash",fx_effect_on_cash_quarter,2025-02-01,2026-04-30,8-K presented USD millions; exact approved source extraction transform x1000000 to USD; published sign preserved,HIGH,,APPROVED,+1
map_wmt_fy27q1_8k_ex991_20260521_870824c5bfae,wmt_fy27q1_8k_ex991_20260521,"html:cash:Cash, cash equivalents and restricted cash at beginning of year","Cash, cash equivalents and restricted cash at beginning of year",cash_restricted_begin,2025-01-31,2026-01-31,8-K presented USD millions; exact approved source extraction transform x1000000 to USD; published sign preserved,HIGH,,APPROVED,+1
map_wmt_fy27q1_8k_ex991_20260521_5d10016017c3,wmt_fy27q1_8k_ex991_20260521,"html:cash:Cash, cash equivalents and restricted cash at end of period","Cash, cash equivalents and restricted cash at end of period",cash_restricted_end,2025-04-30,2026-04-30,8-K presented USD millions; exact approved source extraction transform x1000000 to USD; published sign preserved,HIGH,,APPROVED,+1
map_wmt_fy27q1_8k_ex991_20260521_supp_1ecabf004093,wmt_fy27q1_8k_ex991_20260521,html:balance:Prepaid expenses and other,Prepaid expenses and other,prepaid_other_current_assets,2025-04-30,2026-04-30,8-K balance-sheet line in USD millions; exact transform x1000000 to USD; published sign preserved; no Jan-2026 dividend fact for em dash,HIGH,,APPROVED,+1
map_wmt_fy27q1_8k_ex991_20260521_supp_ac3208536514,wmt_fy27q1_8k_ex991_20260521,html:balance:Operating lease right-of-use assets,Operating lease right-of-use assets,operating_lease_rou_assets,2025-04-30,2026-04-30,8-K balance-sheet line in USD millions; exact transform x1000000 to USD; published sign preserved; no Jan-2026 dividend fact for em dash,HIGH,,APPROVED,+1
map_wmt_fy27q1_8k_ex991_20260521_supp_a8aca7e07d25,wmt_fy27q1_8k_ex991_20260521,"html:balance:Finance lease right-of-use assets, net","Finance lease right-of-use assets, net",finance_lease_rou_assets,2025-04-30,2026-04-30,8-K balance-sheet line in USD millions; exact transform x1000000 to USD; published sign preserved; no Jan-2026 dividend fact for em dash,HIGH,,APPROVED,+1
map_wmt_fy27q1_8k_ex991_20260521_supp_f30f025e9544,wmt_fy27q1_8k_ex991_20260521,html:balance:Goodwill,Goodwill,goodwill,2025-04-30,2026-04-30,8-K balance-sheet line in USD millions; exact transform x1000000 to USD; published sign preserved; no Jan-2026 dividend fact for em dash,HIGH,,APPROVED,+1
map_wmt_fy27q1_8k_ex991_20260521_supp_6250cf507d68,wmt_fy27q1_8k_ex991_20260521,html:balance:Other long-term assets,Other long-term assets,other_long_term_assets,2025-04-30,2026-04-30,8-K balance-sheet line in USD millions; exact transform x1000000 to USD; published sign preserved; no Jan-2026 dividend fact for em dash,HIGH,,APPROVED,+1
map_wmt_fy27q1_8k_ex991_20260521_supp_6ad53e486c54,wmt_fy27q1_8k_ex991_20260521,html:balance:Dividends payable,Dividends payable,dividends_payable,2025-04-30,2026-04-30,8-K balance-sheet line in USD millions; exact transform x1000000 to USD; published sign preserved; no Jan-2026 dividend fact for em dash,HIGH,,APPROVED,+1
map_wmt_fy27q1_8k_ex991_20260521_supp_3bbba1821af1,wmt_fy27q1_8k_ex991_20260521,html:balance:Accrued income taxes,Accrued income taxes,accrued_income_taxes,2025-04-30,2026-04-30,8-K balance-sheet line in USD millions; exact transform x1000000 to USD; published sign preserved; no Jan-2026 dividend fact for em dash,HIGH,,APPROVED,+1
map_wmt_fy27q1_8k_ex991_20260521_supp_4609be25f73e,wmt_fy27q1_8k_ex991_20260521,html:balance:Operating lease obligations due within one year,Operating lease obligations due within one year,operating_lease_current,2025-04-30,2026-04-30,8-K balance-sheet line in USD millions; exact transform x1000000 to USD; published sign preserved; no Jan-2026 dividend fact for em dash,HIGH,,APPROVED,+1
map_wmt_fy27q1_8k_ex991_20260521_supp_9f43d43b815f,wmt_fy27q1_8k_ex991_20260521,html:balance:Finance lease obligations due within one year,Finance lease obligations due within one year,finance_lease_current,2025-04-30,2026-04-30,8-K balance-sheet line in USD millions; exact transform x1000000 to USD; published sign preserved; no Jan-2026 dividend fact for em dash,HIGH,,APPROVED,+1
map_wmt_fy27q1_8k_ex991_20260521_supp_65d95c9c289d,wmt_fy27q1_8k_ex991_20260521,html:balance:Long-term operating lease obligations,Long-term operating lease obligations,operating_lease_long_term,2025-04-30,2026-04-30,8-K balance-sheet line in USD millions; exact transform x1000000 to USD; published sign preserved; no Jan-2026 dividend fact for em dash,HIGH,,APPROVED,+1
map_wmt_fy27q1_8k_ex991_20260521_supp_59e26bf3b82e,wmt_fy27q1_8k_ex991_20260521,html:balance:Long-term finance lease obligations,Long-term finance lease obligations,finance_lease_long_term,2025-04-30,2026-04-30,8-K balance-sheet line in USD millions; exact transform x1000000 to USD; published sign preserved; no Jan-2026 dividend fact for em dash,HIGH,,APPROVED,+1
map_wmt_fy27q1_8k_ex991_20260521_supp_d530db458003,wmt_fy27q1_8k_ex991_20260521,html:balance:Deferred income taxes and other,Deferred income taxes and other,deferred_taxes_other_liabilities,2025-04-30,2026-04-30,8-K balance-sheet line in USD millions; exact transform x1000000 to USD; published sign preserved; no Jan-2026 dividend fact for em dash,HIGH,,APPROVED,+1
map_wmt_fy27q1_8k_ex991_20260521_supp_5f747e8c9b46,wmt_fy27q1_8k_ex991_20260521,html:balance:Redeemable noncontrolling interest,Redeemable noncontrolling interest,redeemable_nci,2025-04-30,2026-04-30,8-K balance-sheet line in USD millions; exact transform x1000000 to USD; published sign preserved; no Jan-2026 dividend fact for em dash,HIGH,,APPROVED,+1
map_wmt_fy27q1_8k_ex991_20260521_supp_4836a04b0727,wmt_fy27q1_8k_ex991_20260521,html:balance:Total Walmart shareholders’ equity,Total Walmart shareholders’ equity,walmart_shareholders_equity,2025-04-30,2026-04-30,8-K balance-sheet line in USD millions; exact transform x1000000 to USD; published sign preserved; no Jan-2026 dividend fact for em dash,HIGH,,APPROVED,+1
map_wmt_fy27q1_8k_ex991_20260521_supp_31757c5ac59c,wmt_fy27q1_8k_ex991_20260521,html:balance:Nonredeemable noncontrolling interest,Nonredeemable noncontrolling interest,nonredeemable_nci,2025-04-30,2026-04-30,8-K balance-sheet line in USD millions; exact transform x1000000 to USD; published sign preserved; no Jan-2026 dividend fact for em dash,HIGH,,APPROVED,+1
