metric_id,display_name,definition,formula,grain,period_type,currency_policy,unit,sign_convention,source_priority,publication_lag,controllability,limitations,review_status
opening_cash,opening cash,"Source table cell, as filed. See evidence_notes.md for table and legal-scope limits.",SOURCE_VALUE,FMCC_CONSOLIDATED_DISCLOSURE,INSTANT,USD,USD_MILLION,FILED_SIGN_OR_POSITIVE_MAGNITUDE_FOR_UTILIZATION,SEC_OFFICIAL,SOURCE_RECEIPT,REPORTED_FACT,Group amount is not Ford Credit LLC parent-only accessible cash or debt.,APPROVED
operating_cash_flow,operating cash flow,"Source table cell, as filed. See evidence_notes.md for table and legal-scope limits.",SOURCE_VALUE,FMCC_CONSOLIDATED_DISCLOSURE,YEAR,USD,USD_MILLION,FILED_SIGN_OR_POSITIVE_MAGNITUDE_FOR_UTILIZATION,SEC_OFFICIAL,SOURCE_RECEIPT,REPORTED_FACT,Group amount is not Ford Credit LLC parent-only accessible cash or debt.,APPROVED
investing_cash_flow,investing cash flow,"Source table cell, as filed. See evidence_notes.md for table and legal-scope limits.",SOURCE_VALUE,FMCC_CONSOLIDATED_DISCLOSURE,YEAR,USD,USD_MILLION,FILED_SIGN_OR_POSITIVE_MAGNITUDE_FOR_UTILIZATION,SEC_OFFICIAL,SOURCE_RECEIPT,REPORTED_FACT,Group amount is not Ford Credit LLC parent-only accessible cash or debt.,APPROVED
financing_cash_flow,financing cash flow,"Source table cell, as filed. See evidence_notes.md for table and legal-scope limits.",SOURCE_VALUE,FMCC_CONSOLIDATED_DISCLOSURE,YEAR,USD,USD_MILLION,FILED_SIGN_OR_POSITIVE_MAGNITUDE_FOR_UTILIZATION,SEC_OFFICIAL,SOURCE_RECEIPT,REPORTED_FACT,Group amount is not Ford Credit LLC parent-only accessible cash or debt.,APPROVED
fx_and_other,fx and other,"Source table cell, as filed. See evidence_notes.md for table and legal-scope limits.",SOURCE_VALUE,FMCC_CONSOLIDATED_DISCLOSURE,YEAR,USD,USD_MILLION,FILED_SIGN_OR_POSITIVE_MAGNITUDE_FOR_UTILIZATION,SEC_OFFICIAL,SOURCE_RECEIPT,REPORTED_FACT,Group amount is not Ford Credit LLC parent-only accessible cash or debt.,APPROVED
closing_cash,closing cash,"Source table cell, as filed. See evidence_notes.md for table and legal-scope limits.",SOURCE_VALUE,FMCC_CONSOLIDATED_DISCLOSURE,INSTANT,USD,USD_MILLION,FILED_SIGN_OR_POSITIVE_MAGNITUDE_FOR_UTILIZATION,SEC_OFFICIAL,SOURCE_RECEIPT,REPORTED_FACT,Group amount is not Ford Credit LLC parent-only accessible cash or debt.,APPROVED
liquidity_cash,liquidity cash,"Source table cell, as filed. See evidence_notes.md for table and legal-scope limits.",SOURCE_VALUE,FMCC_CONSOLIDATED_DISCLOSURE,INSTANT,USD,USD_BILLION,FILED_SIGN_OR_POSITIVE_MAGNITUDE_FOR_UTILIZATION,SEC_OFFICIAL,SOURCE_RECEIPT,REPORTED_FACT,Group amount is not Ford Credit LLC parent-only accessible cash or debt.,APPROVED
liquidity_committed_abs,liquidity committed abs,"Source table cell, as filed. See evidence_notes.md for table and legal-scope limits.",SOURCE_VALUE,FMCC_CONSOLIDATED_DISCLOSURE,INSTANT,USD,USD_BILLION,FILED_SIGN_OR_POSITIVE_MAGNITUDE_FOR_UTILIZATION,SEC_OFFICIAL,SOURCE_RECEIPT,REPORTED_FACT,Group amount is not Ford Credit LLC parent-only accessible cash or debt.,APPROVED
liquidity_committed_unsecured,liquidity committed unsecured,"Source table cell, as filed. See evidence_notes.md for table and legal-scope limits.",SOURCE_VALUE,FMCC_CONSOLIDATED_DISCLOSURE,INSTANT,USD,USD_BILLION,FILED_SIGN_OR_POSITIVE_MAGNITUDE_FOR_UTILIZATION,SEC_OFFICIAL,SOURCE_RECEIPT,REPORTED_FACT,Group amount is not Ford Credit LLC parent-only accessible cash or debt.,APPROVED
liquidity_restricted_cash,liquidity restricted cash,"Source table cell, as filed. See evidence_notes.md for table and legal-scope limits.",SOURCE_VALUE,FMCC_CONSOLIDATED_DISCLOSURE,INSTANT,USD,USD_BILLION,FILED_SIGN_OR_POSITIVE_MAGNITUDE_FOR_UTILIZATION,SEC_OFFICIAL,SOURCE_RECEIPT,REPORTED_FACT,Group amount is not Ford Credit LLC parent-only accessible cash or debt.,APPROVED
liquidity_abs_utilized,liquidity abs utilized,"Source table cell, as filed. See evidence_notes.md for table and legal-scope limits.",SOURCE_VALUE,FMCC_CONSOLIDATED_DISCLOSURE,INSTANT,USD,USD_BILLION,FILED_SIGN_OR_POSITIVE_MAGNITUDE_FOR_UTILIZATION,SEC_OFFICIAL,SOURCE_RECEIPT,REPORTED_FACT,Group amount is not Ford Credit LLC parent-only accessible cash or debt.,APPROVED
liquidity_unsecured_utilized,liquidity unsecured utilized,"Source table cell, as filed. See evidence_notes.md for table and legal-scope limits.",SOURCE_VALUE,FMCC_CONSOLIDATED_DISCLOSURE,INSTANT,USD,USD_BILLION,FILED_SIGN_OR_POSITIVE_MAGNITUDE_FOR_UTILIZATION,SEC_OFFICIAL,SOURCE_RECEIPT,REPORTED_FACT,Group amount is not Ford Credit LLC parent-only accessible cash or debt.,APPROVED
liquidity_available,liquidity available,"Source table cell, as filed. See evidence_notes.md for table and legal-scope limits.",SOURCE_VALUE,FMCC_CONSOLIDATED_DISCLOSURE,INSTANT,USD,USD_BILLION,FILED_SIGN_OR_POSITIVE_MAGNITUDE_FOR_UTILIZATION,SEC_OFFICIAL,SOURCE_RECEIPT,REPORTED_FACT,Group amount is not Ford Credit LLC parent-only accessible cash or debt.,APPROVED
liquidity_other_adjustments,liquidity other adjustments,"Source table cell, as filed. See evidence_notes.md for table and legal-scope limits.",SOURCE_VALUE,FMCC_CONSOLIDATED_DISCLOSURE,INSTANT,USD,USD_BILLION,FILED_SIGN_OR_POSITIVE_MAGNITUDE_FOR_UTILIZATION,SEC_OFFICIAL,SOURCE_RECEIPT,REPORTED_FACT,Group amount is not Ford Credit LLC parent-only accessible cash or debt.,APPROVED
liquidity_net_available,liquidity net available,"Source table cell, as filed. See evidence_notes.md for table and legal-scope limits.",SOURCE_VALUE,FMCC_CONSOLIDATED_DISCLOSURE,INSTANT,USD,USD_BILLION,FILED_SIGN_OR_POSITIVE_MAGNITUDE_FOR_UTILIZATION,SEC_OFFICIAL,SOURCE_RECEIPT,REPORTED_FACT,Group amount is not Ford Credit LLC parent-only accessible cash or debt.,APPROVED
debt_gross_principal,debt gross principal,"Source table cell, as filed. See evidence_notes.md for table and legal-scope limits.",SOURCE_VALUE,FMCC_CONSOLIDATED_DISCLOSURE,INSTANT,USD,USD_MILLION,FILED_SIGN_OR_POSITIVE_MAGNITUDE_FOR_UTILIZATION,SEC_OFFICIAL,SOURCE_RECEIPT,REPORTED_FACT,Group amount is not Ford Credit LLC parent-only accessible cash or debt.,APPROVED
debt_unamortized_cost_adjustment,debt unamortized cost adjustment,"Source table cell, as filed. See evidence_notes.md for table and legal-scope limits.",SOURCE_VALUE,FMCC_CONSOLIDATED_DISCLOSURE,INSTANT,USD,USD_MILLION,FILED_SIGN_OR_POSITIVE_MAGNITUDE_FOR_UTILIZATION,SEC_OFFICIAL,SOURCE_RECEIPT,REPORTED_FACT,Group amount is not Ford Credit LLC parent-only accessible cash or debt.,APPROVED
debt_fair_value_adjustment,debt fair value adjustment,"Source table cell, as filed. See evidence_notes.md for table and legal-scope limits.",SOURCE_VALUE,FMCC_CONSOLIDATED_DISCLOSURE,INSTANT,USD,USD_MILLION,FILED_SIGN_OR_POSITIVE_MAGNITUDE_FOR_UTILIZATION,SEC_OFFICIAL,SOURCE_RECEIPT,REPORTED_FACT,Group amount is not Ford Credit LLC parent-only accessible cash or debt.,APPROVED
debt_carrying_amount,debt carrying amount,"Source table cell, as filed. See evidence_notes.md for table and legal-scope limits.",SOURCE_VALUE,FMCC_CONSOLIDATED_DISCLOSURE,INSTANT,USD,USD_MILLION,FILED_SIGN_OR_POSITIVE_MAGNITUDE_FOR_UTILIZATION,SEC_OFFICIAL,SOURCE_RECEIPT,REPORTED_FACT,Group amount is not Ford Credit LLC parent-only accessible cash or debt.,APPROVED
maturity_unsecured_principal,maturity unsecured principal,"Source table cell, as filed. See evidence_notes.md for table and legal-scope limits.",SOURCE_VALUE,FMCC_CONSOLIDATED_DISCLOSURE,MATURITY_BUCKET,USD,USD_MILLION,FILED_SIGN_OR_POSITIVE_MAGNITUDE_FOR_UTILIZATION,SEC_OFFICIAL,SOURCE_RECEIPT,REPORTED_FACT,Group amount is not Ford Credit LLC parent-only accessible cash or debt.,APPROVED
maturity_asset_backed_principal,maturity asset backed principal,"Source table cell, as filed. See evidence_notes.md for table and legal-scope limits.",SOURCE_VALUE,FMCC_CONSOLIDATED_DISCLOSURE,MATURITY_BUCKET,USD,USD_MILLION,FILED_SIGN_OR_POSITIVE_MAGNITUDE_FOR_UTILIZATION,SEC_OFFICIAL,SOURCE_RECEIPT,REPORTED_FACT,Group amount is not Ford Credit LLC parent-only accessible cash or debt.,APPROVED
maturity_long_term_interest,maturity long term interest,"Source table cell, as filed. See evidence_notes.md for table and legal-scope limits.",SOURCE_VALUE,FMCC_CONSOLIDATED_DISCLOSURE,MATURITY_BUCKET,USD,USD_MILLION,FILED_SIGN_OR_POSITIVE_MAGNITUDE_FOR_UTILIZATION,SEC_OFFICIAL,SOURCE_RECEIPT,REPORTED_FACT,Group amount is not Ford Credit LLC parent-only accessible cash or debt.,APPROVED
