fact_id,source_id,economic_scope_id,legal_entity_id,instrument_id,segment_id,metric_id,period_start,period_end,period_type,currency,unit,raw_value,raw_label,claim_tag,extraction_method,mapping_version,review_status,snapshot_id,raw_account_id,first_public_at,retrieved_at,content_sha256,accounting_scope,economic_legal_scope_bridge_id,version_id
sec_fmcc_2025_10k_opening_cash_2024-12-31_1,sec_fmcc_2025_10k,fmcc_consolidated_group,ford_motor_credit_company_llc,,,opening_cash,2024-12-31,2024-12-31,INSTANT,USD,USD_MILLION,9360,"Cash, cash equivalents, and restricted cash at beginning of period (Note 3)",F,SEC_HTML_MANUAL_TABLE_TRANSCRIPTION_V1,map_sec_fmcc_2025_10k_opening_cash,SOURCE_EXTRACTED_PENDING_INDEPENDENT_REVIEW,snap_be5650fcc12e7b5085682cf5266e264b67f773f6b61c6f3169c37e41d2f898e1,SEC_OPENING_CASH,2026-02-12T04:59:59.000000Z,2026-09-29T04:40:51.431037Z,3b5a7914fdb73a6e1425bf5745f8e20fbca6fd3703bdfc4fb3cfc865cc2bdc3b,CONSOLIDATED,bridge_fmcc_2025_filer_group,fmcc_2025ye_filed_20260211
sec_fmcc_2025_10k_operating_cash_flow_2025-01-01_2,sec_fmcc_2025_10k,fmcc_consolidated_group,ford_motor_credit_company_llc,,,operating_cash_flow,2025-01-01,2025-12-31,YEAR,USD,USD_MILLION,3846,Net cash provided by/(used in) operating activities,F,SEC_HTML_MANUAL_TABLE_TRANSCRIPTION_V1,map_sec_fmcc_2025_10k_operating_cash_flow,SOURCE_EXTRACTED_PENDING_INDEPENDENT_REVIEW,snap_be5650fcc12e7b5085682cf5266e264b67f773f6b61c6f3169c37e41d2f898e1,SEC_OPERATING_CASH_FLOW,2026-02-12T04:59:59.000000Z,2026-09-29T04:40:51.431037Z,3b5a7914fdb73a6e1425bf5745f8e20fbca6fd3703bdfc4fb3cfc865cc2bdc3b,CONSOLIDATED,bridge_fmcc_2025_filer_group,fmcc_2025ye_filed_20260211
sec_fmcc_2025_10k_investing_cash_flow_2025-01-01_3,sec_fmcc_2025_10k,fmcc_consolidated_group,ford_motor_credit_company_llc,,,investing_cash_flow,2025-01-01,2025-12-31,YEAR,USD,USD_MILLION,-1615,Net cash provided by/(used in) investing activities,F,SEC_HTML_MANUAL_TABLE_TRANSCRIPTION_V1,map_sec_fmcc_2025_10k_investing_cash_flow,SOURCE_EXTRACTED_PENDING_INDEPENDENT_REVIEW,snap_be5650fcc12e7b5085682cf5266e264b67f773f6b61c6f3169c37e41d2f898e1,SEC_INVESTING_CASH_FLOW,2026-02-12T04:59:59.000000Z,2026-09-29T04:40:51.431037Z,3b5a7914fdb73a6e1425bf5745f8e20fbca6fd3703bdfc4fb3cfc865cc2bdc3b,CONSOLIDATED,bridge_fmcc_2025_filer_group,fmcc_2025ye_filed_20260211
sec_fmcc_2025_10k_financing_cash_flow_2025-01-01_4,sec_fmcc_2025_10k,fmcc_consolidated_group,ford_motor_credit_company_llc,,,financing_cash_flow,2025-01-01,2025-12-31,YEAR,USD,USD_MILLION,-2495,Net cash provided by/(used in) financing activities,F,SEC_HTML_MANUAL_TABLE_TRANSCRIPTION_V1,map_sec_fmcc_2025_10k_financing_cash_flow,SOURCE_EXTRACTED_PENDING_INDEPENDENT_REVIEW,snap_be5650fcc12e7b5085682cf5266e264b67f773f6b61c6f3169c37e41d2f898e1,SEC_FINANCING_CASH_FLOW,2026-02-12T04:59:59.000000Z,2026-09-29T04:40:51.431037Z,3b5a7914fdb73a6e1425bf5745f8e20fbca6fd3703bdfc4fb3cfc865cc2bdc3b,CONSOLIDATED,bridge_fmcc_2025_filer_group,fmcc_2025ye_filed_20260211
sec_fmcc_2025_10k_fx_and_other_2025-01-01_5,sec_fmcc_2025_10k,fmcc_consolidated_group,ford_motor_credit_company_llc,,,fx_and_other,2025-01-01,2025-12-31,YEAR,USD,USD_MILLION,281,"Effect of exchange rate changes on cash, cash equivalents, and restricted cash",F,SEC_HTML_MANUAL_TABLE_TRANSCRIPTION_V1,map_sec_fmcc_2025_10k_fx_and_other,SOURCE_EXTRACTED_PENDING_INDEPENDENT_REVIEW,snap_be5650fcc12e7b5085682cf5266e264b67f773f6b61c6f3169c37e41d2f898e1,SEC_FX_AND_OTHER,2026-02-12T04:59:59.000000Z,2026-09-29T04:40:51.431037Z,3b5a7914fdb73a6e1425bf5745f8e20fbca6fd3703bdfc4fb3cfc865cc2bdc3b,CONSOLIDATED,bridge_fmcc_2025_filer_group,fmcc_2025ye_filed_20260211
sec_fmcc_2025_10k_closing_cash_2025-12-31_6,sec_fmcc_2025_10k,fmcc_consolidated_group,ford_motor_credit_company_llc,,,closing_cash,2025-12-31,2025-12-31,INSTANT,USD,USD_MILLION,9377,"Cash, cash equivalents, and restricted cash at end of period (Note 3)",F,SEC_HTML_MANUAL_TABLE_TRANSCRIPTION_V1,map_sec_fmcc_2025_10k_closing_cash,SOURCE_EXTRACTED_PENDING_INDEPENDENT_REVIEW,snap_be5650fcc12e7b5085682cf5266e264b67f773f6b61c6f3169c37e41d2f898e1,SEC_CLOSING_CASH,2026-02-12T04:59:59.000000Z,2026-09-29T04:40:51.431037Z,3b5a7914fdb73a6e1425bf5745f8e20fbca6fd3703bdfc4fb3cfc865cc2bdc3b,CONSOLIDATED,bridge_fmcc_2025_filer_group,fmcc_2025ye_filed_20260211
sec_fmcc_2025_10k_liquidity_cash_2025-12-31_7,sec_fmcc_2025_10k,fmcc_consolidated_group,ford_motor_credit_company_llc,,,liquidity_cash,2025-12-31,2025-12-31,INSTANT,USD,USD_BILLION,9.3,Cash,F,SEC_HTML_MANUAL_TABLE_TRANSCRIPTION_V1,map_sec_fmcc_2025_10k_liquidity_cash,SOURCE_EXTRACTED_PENDING_INDEPENDENT_REVIEW,snap_be5650fcc12e7b5085682cf5266e264b67f773f6b61c6f3169c37e41d2f898e1,SEC_LIQUIDITY_CASH,2026-02-12T04:59:59.000000Z,2026-09-29T04:40:51.431037Z,3b5a7914fdb73a6e1425bf5745f8e20fbca6fd3703bdfc4fb3cfc865cc2bdc3b,CONSOLIDATED,bridge_fmcc_2025_filer_group,fmcc_2025ye_filed_20260211
sec_fmcc_2025_10k_liquidity_committed_abs_2025-12-31_8,sec_fmcc_2025_10k,fmcc_consolidated_group,ford_motor_credit_company_llc,,,liquidity_committed_abs,2025-12-31,2025-12-31,INSTANT,USD,USD_BILLION,43.6,Committed asset-backed facilities,F,SEC_HTML_MANUAL_TABLE_TRANSCRIPTION_V1,map_sec_fmcc_2025_10k_liquidity_committed_abs,SOURCE_EXTRACTED_PENDING_INDEPENDENT_REVIEW,snap_be5650fcc12e7b5085682cf5266e264b67f773f6b61c6f3169c37e41d2f898e1,SEC_LIQUIDITY_COMMITTED_ABS,2026-02-12T04:59:59.000000Z,2026-09-29T04:40:51.431037Z,3b5a7914fdb73a6e1425bf5745f8e20fbca6fd3703bdfc4fb3cfc865cc2bdc3b,CONSOLIDATED,bridge_fmcc_2025_filer_group,fmcc_2025ye_filed_20260211
sec_fmcc_2025_10k_liquidity_committed_unsecured_2025-12-31_9,sec_fmcc_2025_10k,fmcc_consolidated_group,ford_motor_credit_company_llc,,,liquidity_committed_unsecured,2025-12-31,2025-12-31,INSTANT,USD,USD_BILLION,1.5,Other unsecured credit facilities,F,SEC_HTML_MANUAL_TABLE_TRANSCRIPTION_V1,map_sec_fmcc_2025_10k_liquidity_committed_unsecured,SOURCE_EXTRACTED_PENDING_INDEPENDENT_REVIEW,snap_be5650fcc12e7b5085682cf5266e264b67f773f6b61c6f3169c37e41d2f898e1,SEC_LIQUIDITY_COMMITTED_UNSECURED,2026-02-12T04:59:59.000000Z,2026-09-29T04:40:51.431037Z,3b5a7914fdb73a6e1425bf5745f8e20fbca6fd3703bdfc4fb3cfc865cc2bdc3b,CONSOLIDATED,bridge_fmcc_2025_filer_group,fmcc_2025ye_filed_20260211
sec_fmcc_2025_10k_liquidity_restricted_cash_2025-12-31_10,sec_fmcc_2025_10k,fmcc_consolidated_group,ford_motor_credit_company_llc,,,liquidity_restricted_cash,2025-12-31,2025-12-31,INSTANT,USD,USD_BILLION,3.0,Securitization and restricted cash,F,SEC_HTML_MANUAL_TABLE_TRANSCRIPTION_V1,map_sec_fmcc_2025_10k_liquidity_restricted_cash,SOURCE_EXTRACTED_PENDING_INDEPENDENT_REVIEW,snap_be5650fcc12e7b5085682cf5266e264b67f773f6b61c6f3169c37e41d2f898e1,SEC_LIQUIDITY_RESTRICTED_CASH,2026-02-12T04:59:59.000000Z,2026-09-29T04:40:51.431037Z,3b5a7914fdb73a6e1425bf5745f8e20fbca6fd3703bdfc4fb3cfc865cc2bdc3b,CONSOLIDATED,bridge_fmcc_2025_filer_group,fmcc_2025ye_filed_20260211
sec_fmcc_2025_10k_liquidity_abs_utilized_2025-12-31_11,sec_fmcc_2025_10k,fmcc_consolidated_group,ford_motor_credit_company_llc,,,liquidity_abs_utilized,2025-12-31,2025-12-31,INSTANT,USD,USD_BILLION,26.4,Committed asset-backed facilities - utilization,F,SEC_HTML_MANUAL_TABLE_TRANSCRIPTION_V1,map_sec_fmcc_2025_10k_liquidity_abs_utilized,SOURCE_EXTRACTED_PENDING_INDEPENDENT_REVIEW,snap_be5650fcc12e7b5085682cf5266e264b67f773f6b61c6f3169c37e41d2f898e1,SEC_LIQUIDITY_ABS_UTILIZED,2026-02-12T04:59:59.000000Z,2026-09-29T04:40:51.431037Z,3b5a7914fdb73a6e1425bf5745f8e20fbca6fd3703bdfc4fb3cfc865cc2bdc3b,CONSOLIDATED,bridge_fmcc_2025_filer_group,fmcc_2025ye_filed_20260211
sec_fmcc_2025_10k_liquidity_unsecured_utilized_2025-12-31_12,sec_fmcc_2025_10k,fmcc_consolidated_group,ford_motor_credit_company_llc,,,liquidity_unsecured_utilized,2025-12-31,2025-12-31,INSTANT,USD,USD_BILLION,0.6,Other unsecured credit facilities - utilization,F,SEC_HTML_MANUAL_TABLE_TRANSCRIPTION_V1,map_sec_fmcc_2025_10k_liquidity_unsecured_utilized,SOURCE_EXTRACTED_PENDING_INDEPENDENT_REVIEW,snap_be5650fcc12e7b5085682cf5266e264b67f773f6b61c6f3169c37e41d2f898e1,SEC_LIQUIDITY_UNSECURED_UTILIZED,2026-02-12T04:59:59.000000Z,2026-09-29T04:40:51.431037Z,3b5a7914fdb73a6e1425bf5745f8e20fbca6fd3703bdfc4fb3cfc865cc2bdc3b,CONSOLIDATED,bridge_fmcc_2025_filer_group,fmcc_2025ye_filed_20260211
sec_fmcc_2025_10k_liquidity_available_2025-12-31_13,sec_fmcc_2025_10k,fmcc_consolidated_group,ford_motor_credit_company_llc,,,liquidity_available,2025-12-31,2025-12-31,INSTANT,USD,USD_BILLION,24.4,Available liquidity,F,SEC_HTML_MANUAL_TABLE_TRANSCRIPTION_V1,map_sec_fmcc_2025_10k_liquidity_available,SOURCE_EXTRACTED_PENDING_INDEPENDENT_REVIEW,snap_be5650fcc12e7b5085682cf5266e264b67f773f6b61c6f3169c37e41d2f898e1,SEC_LIQUIDITY_AVAILABLE,2026-02-12T04:59:59.000000Z,2026-09-29T04:40:51.431037Z,3b5a7914fdb73a6e1425bf5745f8e20fbca6fd3703bdfc4fb3cfc865cc2bdc3b,CONSOLIDATED,bridge_fmcc_2025_filer_group,fmcc_2025ye_filed_20260211
sec_fmcc_2025_10k_liquidity_other_adjustments_2025-12-31_14,sec_fmcc_2025_10k,fmcc_consolidated_group,ford_motor_credit_company_llc,,,liquidity_other_adjustments,2025-12-31,2025-12-31,INSTANT,USD,USD_BILLION,0.2,Other adjustments,F,SEC_HTML_MANUAL_TABLE_TRANSCRIPTION_V1,map_sec_fmcc_2025_10k_liquidity_other_adjustments,SOURCE_EXTRACTED_PENDING_INDEPENDENT_REVIEW,snap_be5650fcc12e7b5085682cf5266e264b67f773f6b61c6f3169c37e41d2f898e1,SEC_LIQUIDITY_OTHER_ADJUSTMENTS,2026-02-12T04:59:59.000000Z,2026-09-29T04:40:51.431037Z,3b5a7914fdb73a6e1425bf5745f8e20fbca6fd3703bdfc4fb3cfc865cc2bdc3b,CONSOLIDATED,bridge_fmcc_2025_filer_group,fmcc_2025ye_filed_20260211
sec_fmcc_2025_10k_liquidity_net_available_2025-12-31_15,sec_fmcc_2025_10k,fmcc_consolidated_group,ford_motor_credit_company_llc,,,liquidity_net_available,2025-12-31,2025-12-31,INSTANT,USD,USD_BILLION,24.6,Net liquidity available for use,F,SEC_HTML_MANUAL_TABLE_TRANSCRIPTION_V1,map_sec_fmcc_2025_10k_liquidity_net_available,SOURCE_EXTRACTED_PENDING_INDEPENDENT_REVIEW,snap_be5650fcc12e7b5085682cf5266e264b67f773f6b61c6f3169c37e41d2f898e1,SEC_LIQUIDITY_NET_AVAILABLE,2026-02-12T04:59:59.000000Z,2026-09-29T04:40:51.431037Z,3b5a7914fdb73a6e1425bf5745f8e20fbca6fd3703bdfc4fb3cfc865cc2bdc3b,CONSOLIDATED,bridge_fmcc_2025_filer_group,fmcc_2025ye_filed_20260211
sec_fmcc_2025_10k_debt_gross_principal_2025-12-31_16,sec_fmcc_2025_10k,fmcc_consolidated_group,ford_motor_credit_company_llc,,,debt_gross_principal,2025-12-31,2025-12-31,INSTANT,USD,USD_MILLION,141904,Maturities - Total,F,SEC_HTML_MANUAL_TABLE_TRANSCRIPTION_V1,map_sec_fmcc_2025_10k_debt_gross_principal,SOURCE_EXTRACTED_PENDING_INDEPENDENT_REVIEW,snap_be5650fcc12e7b5085682cf5266e264b67f773f6b61c6f3169c37e41d2f898e1,SEC_DEBT_GROSS_PRINCIPAL,2026-02-12T04:59:59.000000Z,2026-09-29T04:40:51.431037Z,3b5a7914fdb73a6e1425bf5745f8e20fbca6fd3703bdfc4fb3cfc865cc2bdc3b,CONSOLIDATED,bridge_fmcc_2025_filer_group,fmcc_2025ye_filed_20260211
sec_fmcc_2025_10k_debt_unamortized_cost_adjustment_2025-12-31_17,sec_fmcc_2025_10k,fmcc_consolidated_group,ford_motor_credit_company_llc,,,debt_unamortized_cost_adjustment,2025-12-31,2025-12-31,INSTANT,USD,USD_MILLION,-247,Unamortized (discount)/premium and issuance costs,F,SEC_HTML_MANUAL_TABLE_TRANSCRIPTION_V1,map_sec_fmcc_2025_10k_debt_unamortized_cost_adjustment,SOURCE_EXTRACTED_PENDING_INDEPENDENT_REVIEW,snap_be5650fcc12e7b5085682cf5266e264b67f773f6b61c6f3169c37e41d2f898e1,SEC_DEBT_UNAMORTIZED_COST_ADJUSTMENT,2026-02-12T04:59:59.000000Z,2026-09-29T04:40:51.431037Z,3b5a7914fdb73a6e1425bf5745f8e20fbca6fd3703bdfc4fb3cfc865cc2bdc3b,CONSOLIDATED,bridge_fmcc_2025_filer_group,fmcc_2025ye_filed_20260211
sec_fmcc_2025_10k_debt_fair_value_adjustment_2025-12-31_18,sec_fmcc_2025_10k,fmcc_consolidated_group,ford_motor_credit_company_llc,,,debt_fair_value_adjustment,2025-12-31,2025-12-31,INSTANT,USD,USD_MILLION,-240,Fair value adjustments,F,SEC_HTML_MANUAL_TABLE_TRANSCRIPTION_V1,map_sec_fmcc_2025_10k_debt_fair_value_adjustment,SOURCE_EXTRACTED_PENDING_INDEPENDENT_REVIEW,snap_be5650fcc12e7b5085682cf5266e264b67f773f6b61c6f3169c37e41d2f898e1,SEC_DEBT_FAIR_VALUE_ADJUSTMENT,2026-02-12T04:59:59.000000Z,2026-09-29T04:40:51.431037Z,3b5a7914fdb73a6e1425bf5745f8e20fbca6fd3703bdfc4fb3cfc865cc2bdc3b,CONSOLIDATED,bridge_fmcc_2025_filer_group,fmcc_2025ye_filed_20260211
sec_fmcc_2025_10k_debt_carrying_amount_2025-12-31_19,sec_fmcc_2025_10k,fmcc_consolidated_group,ford_motor_credit_company_llc,,,debt_carrying_amount,2025-12-31,2025-12-31,INSTANT,USD,USD_MILLION,141417,Total debt,F,SEC_HTML_MANUAL_TABLE_TRANSCRIPTION_V1,map_sec_fmcc_2025_10k_debt_carrying_amount,SOURCE_EXTRACTED_PENDING_INDEPENDENT_REVIEW,snap_be5650fcc12e7b5085682cf5266e264b67f773f6b61c6f3169c37e41d2f898e1,SEC_DEBT_CARRYING_AMOUNT,2026-02-12T04:59:59.000000Z,2026-09-29T04:40:51.431037Z,3b5a7914fdb73a6e1425bf5745f8e20fbca6fd3703bdfc4fb3cfc865cc2bdc3b,CONSOLIDATED,bridge_fmcc_2025_filer_group,fmcc_2025ye_filed_20260211
sec_fmcc_2025_10k_maturity_unsecured_principal_2026-01-01_20,sec_fmcc_2025_10k,fmcc_consolidated_group,ford_motor_credit_company_llc,fmcc_unsecured_debt_aggregate_2025ye,,maturity_unsecured_principal,2026-01-01,2026-12-31,MATURITY_BUCKET,USD,USD_MILLION,30053,Unsecured debt,F,SEC_HTML_MANUAL_TABLE_TRANSCRIPTION_V1,map_sec_fmcc_2025_10k_maturity_unsecured_principal,SOURCE_EXTRACTED_PENDING_INDEPENDENT_REVIEW,snap_be5650fcc12e7b5085682cf5266e264b67f773f6b61c6f3169c37e41d2f898e1,SEC_MATURITY_UNSECURED_PRINCIPAL,2026-02-12T04:59:59.000000Z,2026-09-29T04:40:51.431037Z,3b5a7914fdb73a6e1425bf5745f8e20fbca6fd3703bdfc4fb3cfc865cc2bdc3b,CONSOLIDATED,bridge_fmcc_2025_filer_group,fmcc_2025ye_filed_20260211
sec_fmcc_2025_10k_maturity_unsecured_principal_2027-01-01_21,sec_fmcc_2025_10k,fmcc_consolidated_group,ford_motor_credit_company_llc,fmcc_unsecured_debt_aggregate_2025ye,,maturity_unsecured_principal,2027-01-01,2027-12-31,MATURITY_BUCKET,USD,USD_MILLION,12941,Unsecured debt,F,SEC_HTML_MANUAL_TABLE_TRANSCRIPTION_V1,map_sec_fmcc_2025_10k_maturity_unsecured_principal,SOURCE_EXTRACTED_PENDING_INDEPENDENT_REVIEW,snap_be5650fcc12e7b5085682cf5266e264b67f773f6b61c6f3169c37e41d2f898e1,SEC_MATURITY_UNSECURED_PRINCIPAL,2026-02-12T04:59:59.000000Z,2026-09-29T04:40:51.431037Z,3b5a7914fdb73a6e1425bf5745f8e20fbca6fd3703bdfc4fb3cfc865cc2bdc3b,CONSOLIDATED,bridge_fmcc_2025_filer_group,fmcc_2025ye_filed_20260211
sec_fmcc_2025_10k_maturity_unsecured_principal_2028-01-01_22,sec_fmcc_2025_10k,fmcc_consolidated_group,ford_motor_credit_company_llc,fmcc_unsecured_debt_aggregate_2025ye,,maturity_unsecured_principal,2028-01-01,2028-12-31,MATURITY_BUCKET,USD,USD_MILLION,11657,Unsecured debt,F,SEC_HTML_MANUAL_TABLE_TRANSCRIPTION_V1,map_sec_fmcc_2025_10k_maturity_unsecured_principal,SOURCE_EXTRACTED_PENDING_INDEPENDENT_REVIEW,snap_be5650fcc12e7b5085682cf5266e264b67f773f6b61c6f3169c37e41d2f898e1,SEC_MATURITY_UNSECURED_PRINCIPAL,2026-02-12T04:59:59.000000Z,2026-09-29T04:40:51.431037Z,3b5a7914fdb73a6e1425bf5745f8e20fbca6fd3703bdfc4fb3cfc865cc2bdc3b,CONSOLIDATED,bridge_fmcc_2025_filer_group,fmcc_2025ye_filed_20260211
sec_fmcc_2025_10k_maturity_unsecured_principal_2029-01-01_23,sec_fmcc_2025_10k,fmcc_consolidated_group,ford_motor_credit_company_llc,fmcc_unsecured_debt_aggregate_2025ye,,maturity_unsecured_principal,2029-01-01,2029-12-31,MATURITY_BUCKET,USD,USD_MILLION,8613,Unsecured debt,F,SEC_HTML_MANUAL_TABLE_TRANSCRIPTION_V1,map_sec_fmcc_2025_10k_maturity_unsecured_principal,SOURCE_EXTRACTED_PENDING_INDEPENDENT_REVIEW,snap_be5650fcc12e7b5085682cf5266e264b67f773f6b61c6f3169c37e41d2f898e1,SEC_MATURITY_UNSECURED_PRINCIPAL,2026-02-12T04:59:59.000000Z,2026-09-29T04:40:51.431037Z,3b5a7914fdb73a6e1425bf5745f8e20fbca6fd3703bdfc4fb3cfc865cc2bdc3b,CONSOLIDATED,bridge_fmcc_2025_filer_group,fmcc_2025ye_filed_20260211
sec_fmcc_2025_10k_maturity_unsecured_principal_2030-01-01_24,sec_fmcc_2025_10k,fmcc_consolidated_group,ford_motor_credit_company_llc,fmcc_unsecured_debt_aggregate_2025ye,,maturity_unsecured_principal,2030-01-01,2030-12-31,MATURITY_BUCKET,USD,USD_MILLION,7836,Unsecured debt,F,SEC_HTML_MANUAL_TABLE_TRANSCRIPTION_V1,map_sec_fmcc_2025_10k_maturity_unsecured_principal,SOURCE_EXTRACTED_PENDING_INDEPENDENT_REVIEW,snap_be5650fcc12e7b5085682cf5266e264b67f773f6b61c6f3169c37e41d2f898e1,SEC_MATURITY_UNSECURED_PRINCIPAL,2026-02-12T04:59:59.000000Z,2026-09-29T04:40:51.431037Z,3b5a7914fdb73a6e1425bf5745f8e20fbca6fd3703bdfc4fb3cfc865cc2bdc3b,CONSOLIDATED,bridge_fmcc_2025_filer_group,fmcc_2025ye_filed_20260211
sec_fmcc_2025_10k_maturity_unsecured_principal_2031-01-01_25,sec_fmcc_2025_10k,fmcc_consolidated_group,ford_motor_credit_company_llc,fmcc_unsecured_debt_aggregate_2025ye,,maturity_unsecured_principal,2031-01-01,2035-12-31,MATURITY_BUCKET,USD,USD_MILLION,11310,Unsecured debt,F,SEC_HTML_MANUAL_TABLE_TRANSCRIPTION_V1,map_sec_fmcc_2025_10k_maturity_unsecured_principal,SOURCE_EXTRACTED_PENDING_INDEPENDENT_REVIEW,snap_be5650fcc12e7b5085682cf5266e264b67f773f6b61c6f3169c37e41d2f898e1,SEC_MATURITY_UNSECURED_PRINCIPAL,2026-02-12T04:59:59.000000Z,2026-09-29T04:40:51.431037Z,3b5a7914fdb73a6e1425bf5745f8e20fbca6fd3703bdfc4fb3cfc865cc2bdc3b,CONSOLIDATED,bridge_fmcc_2025_filer_group,fmcc_2025ye_filed_20260211
sec_fmcc_2025_10k_maturity_asset_backed_principal_2026-01-01_26,sec_fmcc_2025_10k,fmcc_consolidated_group,ford_motor_credit_company_llc,fmcc_securitization_debt_aggregate_2025ye,,maturity_asset_backed_principal,2026-01-01,2026-12-31,MATURITY_BUCKET,USD,USD_MILLION,21753,Asset-backed debt,F,SEC_HTML_MANUAL_TABLE_TRANSCRIPTION_V1,map_sec_fmcc_2025_10k_maturity_asset_backed_principal,SOURCE_EXTRACTED_PENDING_INDEPENDENT_REVIEW,snap_be5650fcc12e7b5085682cf5266e264b67f773f6b61c6f3169c37e41d2f898e1,SEC_MATURITY_ASSET_BACKED_PRINCIPAL,2026-02-12T04:59:59.000000Z,2026-09-29T04:40:51.431037Z,3b5a7914fdb73a6e1425bf5745f8e20fbca6fd3703bdfc4fb3cfc865cc2bdc3b,CONSOLIDATED,bridge_fmcc_2025_filer_group,fmcc_2025ye_filed_20260211
sec_fmcc_2025_10k_maturity_asset_backed_principal_2027-01-01_27,sec_fmcc_2025_10k,fmcc_consolidated_group,ford_motor_credit_company_llc,fmcc_securitization_debt_aggregate_2025ye,,maturity_asset_backed_principal,2027-01-01,2027-12-31,MATURITY_BUCKET,USD,USD_MILLION,17819,Asset-backed debt,F,SEC_HTML_MANUAL_TABLE_TRANSCRIPTION_V1,map_sec_fmcc_2025_10k_maturity_asset_backed_principal,SOURCE_EXTRACTED_PENDING_INDEPENDENT_REVIEW,snap_be5650fcc12e7b5085682cf5266e264b67f773f6b61c6f3169c37e41d2f898e1,SEC_MATURITY_ASSET_BACKED_PRINCIPAL,2026-02-12T04:59:59.000000Z,2026-09-29T04:40:51.431037Z,3b5a7914fdb73a6e1425bf5745f8e20fbca6fd3703bdfc4fb3cfc865cc2bdc3b,CONSOLIDATED,bridge_fmcc_2025_filer_group,fmcc_2025ye_filed_20260211
sec_fmcc_2025_10k_maturity_asset_backed_principal_2028-01-01_28,sec_fmcc_2025_10k,fmcc_consolidated_group,ford_motor_credit_company_llc,fmcc_securitization_debt_aggregate_2025ye,,maturity_asset_backed_principal,2028-01-01,2028-12-31,MATURITY_BUCKET,USD,USD_MILLION,12104,Asset-backed debt,F,SEC_HTML_MANUAL_TABLE_TRANSCRIPTION_V1,map_sec_fmcc_2025_10k_maturity_asset_backed_principal,SOURCE_EXTRACTED_PENDING_INDEPENDENT_REVIEW,snap_be5650fcc12e7b5085682cf5266e264b67f773f6b61c6f3169c37e41d2f898e1,SEC_MATURITY_ASSET_BACKED_PRINCIPAL,2026-02-12T04:59:59.000000Z,2026-09-29T04:40:51.431037Z,3b5a7914fdb73a6e1425bf5745f8e20fbca6fd3703bdfc4fb3cfc865cc2bdc3b,CONSOLIDATED,bridge_fmcc_2025_filer_group,fmcc_2025ye_filed_20260211
sec_fmcc_2025_10k_maturity_asset_backed_principal_2029-01-01_29,sec_fmcc_2025_10k,fmcc_consolidated_group,ford_motor_credit_company_llc,fmcc_securitization_debt_aggregate_2025ye,,maturity_asset_backed_principal,2029-01-01,2029-12-31,MATURITY_BUCKET,USD,USD_MILLION,4581,Asset-backed debt,F,SEC_HTML_MANUAL_TABLE_TRANSCRIPTION_V1,map_sec_fmcc_2025_10k_maturity_asset_backed_principal,SOURCE_EXTRACTED_PENDING_INDEPENDENT_REVIEW,snap_be5650fcc12e7b5085682cf5266e264b67f773f6b61c6f3169c37e41d2f898e1,SEC_MATURITY_ASSET_BACKED_PRINCIPAL,2026-02-12T04:59:59.000000Z,2026-09-29T04:40:51.431037Z,3b5a7914fdb73a6e1425bf5745f8e20fbca6fd3703bdfc4fb3cfc865cc2bdc3b,CONSOLIDATED,bridge_fmcc_2025_filer_group,fmcc_2025ye_filed_20260211
sec_fmcc_2025_10k_maturity_asset_backed_principal_2030-01-01_30,sec_fmcc_2025_10k,fmcc_consolidated_group,ford_motor_credit_company_llc,fmcc_securitization_debt_aggregate_2025ye,,maturity_asset_backed_principal,2030-01-01,2030-12-31,MATURITY_BUCKET,USD,USD_MILLION,3237,Asset-backed debt,F,SEC_HTML_MANUAL_TABLE_TRANSCRIPTION_V1,map_sec_fmcc_2025_10k_maturity_asset_backed_principal,SOURCE_EXTRACTED_PENDING_INDEPENDENT_REVIEW,snap_be5650fcc12e7b5085682cf5266e264b67f773f6b61c6f3169c37e41d2f898e1,SEC_MATURITY_ASSET_BACKED_PRINCIPAL,2026-02-12T04:59:59.000000Z,2026-09-29T04:40:51.431037Z,3b5a7914fdb73a6e1425bf5745f8e20fbca6fd3703bdfc4fb3cfc865cc2bdc3b,CONSOLIDATED,bridge_fmcc_2025_filer_group,fmcc_2025ye_filed_20260211
sec_fmcc_2025_10k_maturity_long_term_interest_2026-01-01_31,sec_fmcc_2025_10k,fmcc_consolidated_group,ford_motor_credit_company_llc,,,maturity_long_term_interest,2026-01-01,2026-12-31,MATURITY_BUCKET,USD,USD_MILLION,5309,Interest payments related to long-term debt,F,SEC_HTML_MANUAL_TABLE_TRANSCRIPTION_V1,map_sec_fmcc_2025_10k_maturity_long_term_interest,SOURCE_EXTRACTED_PENDING_INDEPENDENT_REVIEW,snap_be5650fcc12e7b5085682cf5266e264b67f773f6b61c6f3169c37e41d2f898e1,SEC_MATURITY_LONG_TERM_INTEREST,2026-02-12T04:59:59.000000Z,2026-09-29T04:40:51.431037Z,3b5a7914fdb73a6e1425bf5745f8e20fbca6fd3703bdfc4fb3cfc865cc2bdc3b,CONSOLIDATED,bridge_fmcc_2025_filer_group,fmcc_2025ye_filed_20260211
sec_fmcc_2025_10k_maturity_long_term_interest_2027-01-01_32,sec_fmcc_2025_10k,fmcc_consolidated_group,ford_motor_credit_company_llc,,,maturity_long_term_interest,2027-01-01,2027-12-31,MATURITY_BUCKET,USD,USD_MILLION,3858,Interest payments related to long-term debt,F,SEC_HTML_MANUAL_TABLE_TRANSCRIPTION_V1,map_sec_fmcc_2025_10k_maturity_long_term_interest,SOURCE_EXTRACTED_PENDING_INDEPENDENT_REVIEW,snap_be5650fcc12e7b5085682cf5266e264b67f773f6b61c6f3169c37e41d2f898e1,SEC_MATURITY_LONG_TERM_INTEREST,2026-02-12T04:59:59.000000Z,2026-09-29T04:40:51.431037Z,3b5a7914fdb73a6e1425bf5745f8e20fbca6fd3703bdfc4fb3cfc865cc2bdc3b,CONSOLIDATED,bridge_fmcc_2025_filer_group,fmcc_2025ye_filed_20260211
sec_fmcc_2025_10k_maturity_long_term_interest_2028-01-01_33,sec_fmcc_2025_10k,fmcc_consolidated_group,ford_motor_credit_company_llc,,,maturity_long_term_interest,2028-01-01,2028-12-31,MATURITY_BUCKET,USD,USD_MILLION,2583,Interest payments related to long-term debt,F,SEC_HTML_MANUAL_TABLE_TRANSCRIPTION_V1,map_sec_fmcc_2025_10k_maturity_long_term_interest,SOURCE_EXTRACTED_PENDING_INDEPENDENT_REVIEW,snap_be5650fcc12e7b5085682cf5266e264b67f773f6b61c6f3169c37e41d2f898e1,SEC_MATURITY_LONG_TERM_INTEREST,2026-02-12T04:59:59.000000Z,2026-09-29T04:40:51.431037Z,3b5a7914fdb73a6e1425bf5745f8e20fbca6fd3703bdfc4fb3cfc865cc2bdc3b,CONSOLIDATED,bridge_fmcc_2025_filer_group,fmcc_2025ye_filed_20260211
sec_fmcc_2025_10k_maturity_long_term_interest_2029-01-01_34,sec_fmcc_2025_10k,fmcc_consolidated_group,ford_motor_credit_company_llc,,,maturity_long_term_interest,2029-01-01,2029-12-31,MATURITY_BUCKET,USD,USD_MILLION,1633,Interest payments related to long-term debt,F,SEC_HTML_MANUAL_TABLE_TRANSCRIPTION_V1,map_sec_fmcc_2025_10k_maturity_long_term_interest,SOURCE_EXTRACTED_PENDING_INDEPENDENT_REVIEW,snap_be5650fcc12e7b5085682cf5266e264b67f773f6b61c6f3169c37e41d2f898e1,SEC_MATURITY_LONG_TERM_INTEREST,2026-02-12T04:59:59.000000Z,2026-09-29T04:40:51.431037Z,3b5a7914fdb73a6e1425bf5745f8e20fbca6fd3703bdfc4fb3cfc865cc2bdc3b,CONSOLIDATED,bridge_fmcc_2025_filer_group,fmcc_2025ye_filed_20260211
sec_fmcc_2025_10k_maturity_long_term_interest_2030-01-01_35,sec_fmcc_2025_10k,fmcc_consolidated_group,ford_motor_credit_company_llc,,,maturity_long_term_interest,2030-01-01,2030-12-31,MATURITY_BUCKET,USD,USD_MILLION,1057,Interest payments related to long-term debt,F,SEC_HTML_MANUAL_TABLE_TRANSCRIPTION_V1,map_sec_fmcc_2025_10k_maturity_long_term_interest,SOURCE_EXTRACTED_PENDING_INDEPENDENT_REVIEW,snap_be5650fcc12e7b5085682cf5266e264b67f773f6b61c6f3169c37e41d2f898e1,SEC_MATURITY_LONG_TERM_INTEREST,2026-02-12T04:59:59.000000Z,2026-09-29T04:40:51.431037Z,3b5a7914fdb73a6e1425bf5745f8e20fbca6fd3703bdfc4fb3cfc865cc2bdc3b,CONSOLIDATED,bridge_fmcc_2025_filer_group,fmcc_2025ye_filed_20260211
sec_fmcc_2025_10k_maturity_long_term_interest_2031-01-01_36,sec_fmcc_2025_10k,fmcc_consolidated_group,ford_motor_credit_company_llc,,,maturity_long_term_interest,2031-01-01,2035-12-31,MATURITY_BUCKET,USD,USD_MILLION,1666,Interest payments related to long-term debt,F,SEC_HTML_MANUAL_TABLE_TRANSCRIPTION_V1,map_sec_fmcc_2025_10k_maturity_long_term_interest,SOURCE_EXTRACTED_PENDING_INDEPENDENT_REVIEW,snap_be5650fcc12e7b5085682cf5266e264b67f773f6b61c6f3169c37e41d2f898e1,SEC_MATURITY_LONG_TERM_INTEREST,2026-02-12T04:59:59.000000Z,2026-09-29T04:40:51.431037Z,3b5a7914fdb73a6e1425bf5745f8e20fbca6fd3703bdfc4fb3cfc865cc2bdc3b,CONSOLIDATED,bridge_fmcc_2025_filer_group,fmcc_2025ye_filed_20260211
