instrument_id,event_id,event_date,event_type,principal_amount,cash_interest,fee,gross_contractual_cash,currency,committed_refinancing_source_id,source_id,review_status
fmcc_unsecured_debt_aggregate_2025ye,2026_unsecured_asof_2025ye,,DISCLOSED_YEAR_BUCKET_NOT_PAYMENT_DATE,30053,,,,USD,,sec_fmcc_2025_10k,BUCKET_ONLY_NO_FIRST_FAILURE_INFERENCE
fmcc_securitization_debt_aggregate_2025ye,2026_abs_asof_2025ye,,DISCLOSED_YEAR_BUCKET_NOT_PAYMENT_DATE,21753,,,,USD,,sec_fmcc_2025_10k,BUCKET_ONLY_NO_FIRST_FAILURE_INFERENCE
fmcc_long_term_debt_interest_aggregate,2026_long_term_interest_asof_2025ye,,DISCLOSED_YEAR_BUCKET_NOT_PAYMENT_DATE,,5309,,,USD,,sec_fmcc_2025_10k,INTEREST_SEPARATE_FROM_PRINCIPAL
fmcc_unsecured_debt_aggregate_2025ye,2027_unsecured_asof_2025ye,,DISCLOSED_YEAR_BUCKET_NOT_PAYMENT_DATE,12941,,,,USD,,sec_fmcc_2025_10k,BUCKET_ONLY_NO_FIRST_FAILURE_INFERENCE
fmcc_securitization_debt_aggregate_2025ye,2027_abs_asof_2025ye,,DISCLOSED_YEAR_BUCKET_NOT_PAYMENT_DATE,17819,,,,USD,,sec_fmcc_2025_10k,BUCKET_ONLY_NO_FIRST_FAILURE_INFERENCE
fmcc_long_term_debt_interest_aggregate,2027_long_term_interest_asof_2025ye,,DISCLOSED_YEAR_BUCKET_NOT_PAYMENT_DATE,,3858,,,USD,,sec_fmcc_2025_10k,INTEREST_SEPARATE_FROM_PRINCIPAL
fmcc_unsecured_debt_aggregate_2025ye,2028_unsecured_asof_2025ye,,DISCLOSED_YEAR_BUCKET_NOT_PAYMENT_DATE,11657,,,,USD,,sec_fmcc_2025_10k,BUCKET_ONLY_NO_FIRST_FAILURE_INFERENCE
fmcc_securitization_debt_aggregate_2025ye,2028_abs_asof_2025ye,,DISCLOSED_YEAR_BUCKET_NOT_PAYMENT_DATE,12104,,,,USD,,sec_fmcc_2025_10k,BUCKET_ONLY_NO_FIRST_FAILURE_INFERENCE
fmcc_long_term_debt_interest_aggregate,2028_long_term_interest_asof_2025ye,,DISCLOSED_YEAR_BUCKET_NOT_PAYMENT_DATE,,2583,,,USD,,sec_fmcc_2025_10k,INTEREST_SEPARATE_FROM_PRINCIPAL
fmcc_unsecured_debt_aggregate_2025ye,2029_unsecured_asof_2025ye,,DISCLOSED_YEAR_BUCKET_NOT_PAYMENT_DATE,8613,,,,USD,,sec_fmcc_2025_10k,BUCKET_ONLY_NO_FIRST_FAILURE_INFERENCE
fmcc_securitization_debt_aggregate_2025ye,2029_abs_asof_2025ye,,DISCLOSED_YEAR_BUCKET_NOT_PAYMENT_DATE,4581,,,,USD,,sec_fmcc_2025_10k,BUCKET_ONLY_NO_FIRST_FAILURE_INFERENCE
fmcc_long_term_debt_interest_aggregate,2029_long_term_interest_asof_2025ye,,DISCLOSED_YEAR_BUCKET_NOT_PAYMENT_DATE,,1633,,,USD,,sec_fmcc_2025_10k,INTEREST_SEPARATE_FROM_PRINCIPAL
fmcc_unsecured_debt_aggregate_2025ye,2030_unsecured_asof_2025ye,,DISCLOSED_YEAR_BUCKET_NOT_PAYMENT_DATE,7836,,,,USD,,sec_fmcc_2025_10k,BUCKET_ONLY_NO_FIRST_FAILURE_INFERENCE
fmcc_securitization_debt_aggregate_2025ye,2030_abs_asof_2025ye,,DISCLOSED_YEAR_BUCKET_NOT_PAYMENT_DATE,3237,,,,USD,,sec_fmcc_2025_10k,BUCKET_ONLY_NO_FIRST_FAILURE_INFERENCE
fmcc_long_term_debt_interest_aggregate,2030_long_term_interest_asof_2025ye,,DISCLOSED_YEAR_BUCKET_NOT_PAYMENT_DATE,,1057,,,USD,,sec_fmcc_2025_10k,INTEREST_SEPARATE_FROM_PRINCIPAL
fmcc_unsecured_debt_aggregate_2025ye,2031_2035_unsecured_asof_2025ye,,DISCLOSED_YEAR_BUCKET_NOT_PAYMENT_DATE,11310,,,,USD,,sec_fmcc_2025_10k,BUCKET_ONLY_NO_FIRST_FAILURE_INFERENCE
fmcc_long_term_debt_interest_aggregate,2031_2035_long_term_interest_asof_2025ye,,DISCLOSED_YEAR_BUCKET_NOT_PAYMENT_DATE,,1666,,,USD,,sec_fmcc_2025_10k,INTEREST_SEPARATE_FROM_PRINCIPAL
