term_id,instrument_id,legal_entity_id,term_type,value,currency,unit,as_of_date,source_id,snapshot_id,content_sha256,first_public_at,retrieved_at,verified_at,source_location,claim_tag,limitation
abs_expiry_next_twelve_months,fmcc_group_abs_capacity_2025ye,fmcc_consolidated_group,CAPACITY_EXPIRY_WITHIN_TWELVE_MONTHS,11.4,USD,USD_BILLION,2025-12-31,sec_fmcc_2025_10k_terms_20261003,snap_8c9f1b3c7659e8f78e9ccb75d21fb70c848751094cfdfdbd1dc19cb22c307120,4292198aa84f10883ce8e903a704b06a4123e6fdf70844cdfd4fc2fc9a8fa513,2026-02-12T04:59:59.000000Z,2026-10-03T10:23:45.000000Z,2026-10-03T10:23:45+00:00,Note 9 p96,F,Year bucket; exact expiry unknown; historical byte identity unverified
abs_capacity_exceeds_eligible_assets,fmcc_group_abs_capacity_2025ye,fmcc_consolidated_group,CAPACITY_EXCEEDS_ELIGIBLE_RECEIVABLES,0.3,USD,USD_BILLION,2025-12-31,sec_fmcc_2025_10k_terms_20261003,snap_8c9f1b3c7659e8f78e9ccb75d21fb70c848751094cfdfdbd1dc19cb22c307120,4292198aa84f10883ce8e903a704b06a4123e6fdf70844cdfd4fc2fc9a8fa513,2026-02-12T04:59:59.000000Z,2026-10-03T10:23:45.000000Z,2026-10-03T10:23:45+00:00,Note 9 p96,F,Not drawable capacity; historical byte identity unverified
fce_reported_available,fce_credit_agreement_2025ye,fce_bank_plc,ISSUER_REPORTED_AVAILABLE,310,GBP,GBP_MILLION,2025-12-31,sec_fmcc_2025_10k_terms_20261003,snap_8c9f1b3c7659e8f78e9ccb75d21fb70c848751094cfdfdbd1dc19cb22c307120,4292198aa84f10883ce8e903a704b06a4123e6fdf70844cdfd4fc2fc9a8fa513,2026-02-12T04:59:59.000000Z,2026-10-03T10:23:45.000000Z,2026-10-03T10:23:45+00:00,Note 9 p97,F,Subject to covenants; not parent liquidity; historical byte identity unverified
ford_bank_reported_available,ford_bank_credit_agreement_2025ye,ford_bank_gmbh,ISSUER_REPORTED_AVAILABLE,50,EUR,EUR_MILLION,2025-12-31,sec_fmcc_2025_10k_terms_20261003,snap_8c9f1b3c7659e8f78e9ccb75d21fb70c848751094cfdfdbd1dc19cb22c307120,4292198aa84f10883ce8e903a704b06a4123e6fdf70844cdfd4fc2fc9a8fa513,2026-02-12T04:59:59.000000Z,2026-10-03T10:23:45.000000Z,2026-10-03T10:23:45+00:00,Note 9 p97,F,Subject to covenants; not parent liquidity; historical byte identity unverified
fce_maturity_year,fce_credit_agreement_2025ye,fce_bank_plc,FACILITY_MATURITY_YEAR,2028,NOT_APPLICABLE,YEAR,2025-12-31,sec_fmcc_2025_10k_terms_20261003,snap_8c9f1b3c7659e8f78e9ccb75d21fb70c848751094cfdfdbd1dc19cb22c307120,4292198aa84f10883ce8e903a704b06a4123e6fdf70844cdfd4fc2fc9a8fa513,2026-02-12T04:59:59.000000Z,2026-10-03T10:23:45.000000Z,2026-10-03T10:23:45+00:00,Note 9 p97,F,Exact maturity date unknown; historical byte identity unverified
ford_bank_maturity_year,ford_bank_credit_agreement_2025ye,ford_bank_gmbh,FACILITY_MATURITY_YEAR,2028,NOT_APPLICABLE,YEAR,2025-12-31,sec_fmcc_2025_10k_terms_20261003,snap_8c9f1b3c7659e8f78e9ccb75d21fb70c848751094cfdfdbd1dc19cb22c307120,4292198aa84f10883ce8e903a704b06a4123e6fdf70844cdfd4fc2fc9a8fa513,2026-02-12T04:59:59.000000Z,2026-10-03T10:23:45.000000Z,2026-10-03T10:23:45+00:00,Note 9 p97,F,Exact maturity date unknown; historical byte identity unverified
abs_eligibility_conditions,fmcc_group_abs_capacity_2025ye,fmcc_consolidated_group,DRAW_CONDITION,Eligible assets and certain hedges required; asset deterioration may terminate unused commitments,NOT_APPLICABLE,TEXT,2025-12-31,sec_fmcc_2025_10k_terms_20261003,snap_8c9f1b3c7659e8f78e9ccb75d21fb70c848751094cfdfdbd1dc19cb22c307120,4292198aa84f10883ce8e903a704b06a4123e6fdf70844cdfd4fc2fc9a8fa513,2026-02-12T04:59:59.000000Z,2026-10-03T10:23:45.000000Z,2026-10-03T10:23:45+00:00,Note 9 p96,F,Borrower-specific thresholds unknown; historical byte identity unverified
fce_support_obligation,fce_credit_agreement_2025ye,fce_bank_plc,SUPPORT_AGREEMENT,Support agreement must remain effective; FCE net worth floor USD 500 million,NOT_APPLICABLE,TEXT,2025-12-31,sec_fmcc_2025_10k_terms_20261003,snap_8c9f1b3c7659e8f78e9ccb75d21fb70c848751094cfdfdbd1dc19cb22c307120,4292198aa84f10883ce8e903a704b06a4123e6fdf70844cdfd4fc2fc9a8fa513,2026-02-12T04:59:59.000000Z,2026-10-03T10:23:45.000000Z,2026-10-03T10:23:45+00:00,Note 9 p97,F,Actual net worth and cure terms unverified; historical byte identity unverified
ford_bank_guarantee,ford_bank_credit_agreement_2025ye,ford_bank_gmbh,GUARANTEE,Ford Credit guarantee must remain effective,NOT_APPLICABLE,TEXT,2025-12-31,sec_fmcc_2025_10k_terms_20261003,snap_8c9f1b3c7659e8f78e9ccb75d21fb70c848751094cfdfdbd1dc19cb22c307120,4292198aa84f10883ce8e903a704b06a4123e6fdf70844cdfd4fc2fc9a8fa513,2026-02-12T04:59:59.000000Z,2026-10-03T10:23:45.000000Z,2026-10-03T10:23:45+00:00,Note 9 p97,F,Guarantee is not unrestricted cash; historical byte identity unverified
abs_recourse,fmcc_securitization_debt_aggregate_2025ye,fmcc_securitization_entity_pool,RECOURSE,Securitization debt payable only from associated assets,NOT_APPLICABLE,TEXT,2025-12-31,sec_fmcc_2025_10k_terms_20261003,snap_8c9f1b3c7659e8f78e9ccb75d21fb70c848751094cfdfdbd1dc19cb22c307120,4292198aa84f10883ce8e903a704b06a4123e6fdf70844cdfd4fc2fc9a8fa513,2026-02-12T04:59:59.000000Z,2026-10-03T10:23:45.000000Z,2026-10-03T10:23:45+00:00,Note 6 p88,F,Not parent recovery value or lien perfection opinion; historical byte identity unverified
