model_version_id,relative_period,period_kind,reported_post_tax_unlevered_fcff,knowledge_state,currency,unit,economic_scope_id,source_id,snapshot_id,first_public_at,claim_tag
swa_dfs_model_20251014,-4,PRE_EXECUTION,,UNKNOWN,USD,real_2025_USD_million,swa_project_100pct_unlevered,sec_sli_swa_dfs_20251014,snap_de3838f37cf77c7f4de3c46cffbc1f3b672f17bbc47707edf94721a007c15b54,2025-10-14T23:59:59-04:00,A
swa_dfs_model_20251014,-3,PRE_EXECUTION,-360.3,KNOWN,USD,real_2025_USD_million,swa_project_100pct_unlevered,sec_sli_swa_dfs_20251014,snap_de3838f37cf77c7f4de3c46cffbc1f3b672f17bbc47707edf94721a007c15b54,2025-10-14T23:59:59-04:00,A
swa_dfs_model_20251014,-2,PRE_EXECUTION,-688.9,KNOWN,USD,real_2025_USD_million,swa_project_100pct_unlevered,sec_sli_swa_dfs_20251014,snap_de3838f37cf77c7f4de3c46cffbc1f3b672f17bbc47707edf94721a007c15b54,2025-10-14T23:59:59-04:00,A
swa_dfs_model_20251014,-1,PRE_EXECUTION,-422.5,KNOWN,USD,real_2025_USD_million,swa_project_100pct_unlevered,sec_sli_swa_dfs_20251014,snap_de3838f37cf77c7f4de3c46cffbc1f3b672f17bbc47707edf94721a007c15b54,2025-10-14T23:59:59-04:00,A
swa_dfs_model_20251014,1,OPERATING,298.7,KNOWN,USD,real_2025_USD_million,swa_project_100pct_unlevered,sec_sli_swa_dfs_20251014,snap_de3838f37cf77c7f4de3c46cffbc1f3b672f17bbc47707edf94721a007c15b54,2025-10-14T23:59:59-04:00,A
swa_dfs_model_20251014,2,OPERATING,368.2,KNOWN,USD,real_2025_USD_million,swa_project_100pct_unlevered,sec_sli_swa_dfs_20251014,snap_de3838f37cf77c7f4de3c46cffbc1f3b672f17bbc47707edf94721a007c15b54,2025-10-14T23:59:59-04:00,A
swa_dfs_model_20251014,3,OPERATING,363.4,KNOWN,USD,real_2025_USD_million,swa_project_100pct_unlevered,sec_sli_swa_dfs_20251014,snap_de3838f37cf77c7f4de3c46cffbc1f3b672f17bbc47707edf94721a007c15b54,2025-10-14T23:59:59-04:00,A
swa_dfs_model_20251014,4,OPERATING,360.0,KNOWN,USD,real_2025_USD_million,swa_project_100pct_unlevered,sec_sli_swa_dfs_20251014,snap_de3838f37cf77c7f4de3c46cffbc1f3b672f17bbc47707edf94721a007c15b54,2025-10-14T23:59:59-04:00,A
swa_dfs_model_20251014,5,OPERATING,356.3,KNOWN,USD,real_2025_USD_million,swa_project_100pct_unlevered,sec_sli_swa_dfs_20251014,snap_de3838f37cf77c7f4de3c46cffbc1f3b672f17bbc47707edf94721a007c15b54,2025-10-14T23:59:59-04:00,A
swa_dfs_model_20251014,6,OPERATING,356.6,KNOWN,USD,real_2025_USD_million,swa_project_100pct_unlevered,sec_sli_swa_dfs_20251014,snap_de3838f37cf77c7f4de3c46cffbc1f3b672f17bbc47707edf94721a007c15b54,2025-10-14T23:59:59-04:00,A
swa_dfs_model_20251014,7,OPERATING,314.0,KNOWN,USD,real_2025_USD_million,swa_project_100pct_unlevered,sec_sli_swa_dfs_20251014,snap_de3838f37cf77c7f4de3c46cffbc1f3b672f17bbc47707edf94721a007c15b54,2025-10-14T23:59:59-04:00,A
swa_dfs_model_20251014,8,OPERATING,252.7,KNOWN,USD,real_2025_USD_million,swa_project_100pct_unlevered,sec_sli_swa_dfs_20251014,snap_de3838f37cf77c7f4de3c46cffbc1f3b672f17bbc47707edf94721a007c15b54,2025-10-14T23:59:59-04:00,A
swa_dfs_model_20251014,9,OPERATING,302.0,KNOWN,USD,real_2025_USD_million,swa_project_100pct_unlevered,sec_sli_swa_dfs_20251014,snap_de3838f37cf77c7f4de3c46cffbc1f3b672f17bbc47707edf94721a007c15b54,2025-10-14T23:59:59-04:00,A
swa_dfs_model_20251014,10,OPERATING,300.2,KNOWN,USD,real_2025_USD_million,swa_project_100pct_unlevered,sec_sli_swa_dfs_20251014,snap_de3838f37cf77c7f4de3c46cffbc1f3b672f17bbc47707edf94721a007c15b54,2025-10-14T23:59:59-04:00,A
swa_dfs_model_20251014,11,OPERATING,300.7,KNOWN,USD,real_2025_USD_million,swa_project_100pct_unlevered,sec_sli_swa_dfs_20251014,snap_de3838f37cf77c7f4de3c46cffbc1f3b672f17bbc47707edf94721a007c15b54,2025-10-14T23:59:59-04:00,A
swa_dfs_model_20251014,12,OPERATING,299.7,KNOWN,USD,real_2025_USD_million,swa_project_100pct_unlevered,sec_sli_swa_dfs_20251014,snap_de3838f37cf77c7f4de3c46cffbc1f3b672f17bbc47707edf94721a007c15b54,2025-10-14T23:59:59-04:00,A
swa_dfs_model_20251014,13,OPERATING,298.6,KNOWN,USD,real_2025_USD_million,swa_project_100pct_unlevered,sec_sli_swa_dfs_20251014,snap_de3838f37cf77c7f4de3c46cffbc1f3b672f17bbc47707edf94721a007c15b54,2025-10-14T23:59:59-04:00,A
swa_dfs_model_20251014,14,OPERATING,298.5,KNOWN,USD,real_2025_USD_million,swa_project_100pct_unlevered,sec_sli_swa_dfs_20251014,snap_de3838f37cf77c7f4de3c46cffbc1f3b672f17bbc47707edf94721a007c15b54,2025-10-14T23:59:59-04:00,A
swa_dfs_model_20251014,15,OPERATING,297.7,KNOWN,USD,real_2025_USD_million,swa_project_100pct_unlevered,sec_sli_swa_dfs_20251014,snap_de3838f37cf77c7f4de3c46cffbc1f3b672f17bbc47707edf94721a007c15b54,2025-10-14T23:59:59-04:00,A
swa_dfs_model_20251014,16,OPERATING,296.3,KNOWN,USD,real_2025_USD_million,swa_project_100pct_unlevered,sec_sli_swa_dfs_20251014,snap_de3838f37cf77c7f4de3c46cffbc1f3b672f17bbc47707edf94721a007c15b54,2025-10-14T23:59:59-04:00,A
swa_dfs_model_20251014,17,OPERATING,296.2,KNOWN,USD,real_2025_USD_million,swa_project_100pct_unlevered,sec_sli_swa_dfs_20251014,snap_de3838f37cf77c7f4de3c46cffbc1f3b672f17bbc47707edf94721a007c15b54,2025-10-14T23:59:59-04:00,A
swa_dfs_model_20251014,18,OPERATING,294.1,KNOWN,USD,real_2025_USD_million,swa_project_100pct_unlevered,sec_sli_swa_dfs_20251014,snap_de3838f37cf77c7f4de3c46cffbc1f3b672f17bbc47707edf94721a007c15b54,2025-10-14T23:59:59-04:00,A
swa_dfs_model_20251014,19,OPERATING,278.4,KNOWN,USD,real_2025_USD_million,swa_project_100pct_unlevered,sec_sli_swa_dfs_20251014,snap_de3838f37cf77c7f4de3c46cffbc1f3b672f17bbc47707edf94721a007c15b54,2025-10-14T23:59:59-04:00,A
swa_dfs_model_20251014,20,OPERATING,240.9,KNOWN,USD,real_2025_USD_million,swa_project_100pct_unlevered,sec_sli_swa_dfs_20251014,snap_de3838f37cf77c7f4de3c46cffbc1f3b672f17bbc47707edf94721a007c15b54,2025-10-14T23:59:59-04:00,A
