version_id,scenario_id,metric_id,period_start,period_end,economic_scope_id,segment_id,currency,unit,value,driver_or_assumption_id,created_at,review_status
wmt_conditional_analyst_base_20260521_v1,wmt_conditional_base_v1,net_sales,2026-05-01,2027-01-31,walmart_consolidated_group,,USD,USD,558976176000.0000,d7f1c30102fcae720d93ae4680ee73cbbf3d32b9cb6f9ccc150de4669016c2d6,,WITHHELD
wmt_conditional_analyst_base_20260521_v1,wmt_conditional_base_v1,other_revenue,2026-05-01,2027-01-31,walmart_consolidated_group,,USD,USD,5326880000.00,d7f1c30102fcae720d93ae4680ee73cbbf3d32b9cb6f9ccc150de4669016c2d6,,WITHHELD
wmt_conditional_analyst_base_20260521_v1,wmt_conditional_base_v1,operating_income,2026-05-01,2027-01-31,walmart_consolidated_group,,USD,USD,23587867740.80000000,d7f1c30102fcae720d93ae4680ee73cbbf3d32b9cb6f9ccc150de4669016c2d6,,WITHHELD
wmt_conditional_analyst_base_20260521_v1,wmt_conditional_base_v1,net_income,2026-05-01,2027-01-31,walmart_consolidated_group,,USD,USD,16360419483.0080000000,d7f1c30102fcae720d93ae4680ee73cbbf3d32b9cb6f9ccc150de4669016c2d6,,WITHHELD
wmt_conditional_analyst_base_20260521_v1,wmt_conditional_base_v1,cash_from_operations,2026-05-01,2027-01-31,walmart_consolidated_group,,USD,USD,35830944923.9680000000,d7f1c30102fcae720d93ae4680ee73cbbf3d32b9cb6f9ccc150de4669016c2d6,,WITHHELD
wmt_conditional_analyst_base_20260521_v1,wmt_conditional_base_v1,cash_from_investing,2026-05-01,2027-01-31,walmart_consolidated_group,,USD,USD,-19029106160.0000000,d7f1c30102fcae720d93ae4680ee73cbbf3d32b9cb6f9ccc150de4669016c2d6,,WITHHELD
wmt_conditional_analyst_base_20260521_v1,wmt_conditional_base_v1,cash_from_financing,2026-05-01,2027-01-31,walmart_consolidated_group,,USD,USD,-5921000000,d7f1c30102fcae720d93ae4680ee73cbbf3d32b9cb6f9ccc150de4669016c2d6,,WITHHELD
wmt_conditional_analyst_base_20260521_v1,wmt_conditional_base_v1,closing_cash_and_equivalents,2026-05-01,2027-01-31,walmart_consolidated_group,,USD,USD,21609838763.9680000000,d7f1c30102fcae720d93ae4680ee73cbbf3d32b9cb6f9ccc150de4669016c2d6,,WITHHELD
wmt_conditional_analyst_base_20260521_v1,wmt_conditional_base_v1,total_assets,2026-05-01,2027-01-31,walmart_consolidated_group,,USD,USD,307717552979.0080000000,d7f1c30102fcae720d93ae4680ee73cbbf3d32b9cb6f9ccc150de4669016c2d6,,WITHHELD
wmt_conditional_analyst_base_20260521_v1,wmt_conditional_base_v1,total_liabilities_and_equity,2026-05-01,2027-01-31,walmart_consolidated_group,,USD,USD,307717552979.0080000000,d7f1c30102fcae720d93ae4680ee73cbbf3d32b9cb6f9ccc150de4669016c2d6,,WITHHELD
wmt_conditional_analyst_base_20260521_v1,wmt_conditional_base_v1,fcff_conditional,2026-05-01,2027-01-31,walmart_consolidated_group,,USD,USD,18368198763.9680000000,core_fcff_48fede578045092fdfd831b6b31748d906830aa32d49ff0e01f44ed40005bf86,,WITHHELD
wmt_conditional_analyst_base_20260521_v1,wmt_conditional_base_v1,fcfe_conditional,2026-05-01,2027-01-31,walmart_consolidated_group,,USD,USD,16801838763.9680000000,core_fcfe_d4528be73ec6a407f53dfa52346cdf918e7c4fb1b5f6c3ddfe677df974b49c69,,WITHHELD
wmt_conditional_analyst_base_20260521_v1,wmt_conditional_base_v1,net_sales,2027-02-01,2028-01-31,walmart_consolidated_group,,USD,USD,764046583040.000000,d7f1c30102fcae720d93ae4680ee73cbbf3d32b9cb6f9ccc150de4669016c2d6,,WITHHELD
wmt_conditional_analyst_base_20260521_v1,wmt_conditional_base_v1,other_revenue,2027-02-01,2028-01-31,walmart_consolidated_group,,USD,USD,7689635200.0000,d7f1c30102fcae720d93ae4680ee73cbbf3d32b9cb6f9ccc150de4669016c2d6,,WITHHELD
wmt_conditional_analyst_base_20260521_v1,wmt_conditional_base_v1,operating_income,2027-02-01,2028-01-31,walmart_consolidated_group,,USD,USD,32258573922.4320000000,d7f1c30102fcae720d93ae4680ee73cbbf3d32b9cb6f9ccc150de4669016c2d6,,WITHHELD
wmt_conditional_analyst_base_20260521_v1,wmt_conditional_base_v1,net_income,2027-02-01,2028-01-31,walmart_consolidated_group,,USD,USD,22478956181.048320000000,d7f1c30102fcae720d93ae4680ee73cbbf3d32b9cb6f9ccc150de4669016c2d6,,WITHHELD
wmt_conditional_analyst_base_20260521_v1,wmt_conditional_base_v1,cash_from_operations,2027-02-01,2028-01-31,walmart_consolidated_group,,USD,USD,38675782709.086720000000,d7f1c30102fcae720d93ae4680ee73cbbf3d32b9cb6f9ccc150de4669016c2d6,,WITHHELD
wmt_conditional_analyst_base_20260521_v1,wmt_conditional_base_v1,cash_from_investing,2027-02-01,2028-01-31,walmart_consolidated_group,,USD,USD,-28804556180.6080000000,d7f1c30102fcae720d93ae4680ee73cbbf3d32b9cb6f9ccc150de4669016c2d6,,WITHHELD
wmt_conditional_analyst_base_20260521_v1,wmt_conditional_base_v1,cash_from_financing,2027-02-01,2028-01-31,walmart_consolidated_group,,USD,USD,-7500000000,d7f1c30102fcae720d93ae4680ee73cbbf3d32b9cb6f9ccc150de4669016c2d6,,WITHHELD
wmt_conditional_analyst_base_20260521_v1,wmt_conditional_base_v1,closing_cash_and_equivalents,2027-02-01,2028-01-31,walmart_consolidated_group,,USD,USD,23981065292.446720000000,d7f1c30102fcae720d93ae4680ee73cbbf3d32b9cb6f9ccc150de4669016c2d6,,WITHHELD
wmt_conditional_analyst_base_20260521_v1,wmt_conditional_base_v1,total_assets,2027-02-01,2028-01-31,walmart_consolidated_group,,USD,USD,326619594499.896320000000,d7f1c30102fcae720d93ae4680ee73cbbf3d32b9cb6f9ccc150de4669016c2d6,,WITHHELD
wmt_conditional_analyst_base_20260521_v1,wmt_conditional_base_v1,total_liabilities_and_equity,2027-02-01,2028-01-31,walmart_consolidated_group,,USD,USD,326619594499.896320000000,d7f1c30102fcae720d93ae4680ee73cbbf3d32b9cb6f9ccc150de4669016c2d6,,WITHHELD
wmt_conditional_analyst_base_20260521_v1,wmt_conditional_base_v1,fcff_conditional,2027-02-01,2028-01-31,walmart_consolidated_group,,USD,USD,11908786528.478720000000,core_fcff_09e39e7bca23baf060bac94f0de8533bd52f5ae0aad3185e4b7d79fdcbf88b73,,WITHHELD
wmt_conditional_analyst_base_20260521_v1,wmt_conditional_base_v1,fcfe_conditional,2027-02-01,2028-01-31,walmart_consolidated_group,,USD,USD,9871226528.478720000000,core_fcfe_bd103cb9bc91717bbbada3543b1d2c34589ff7822946b5d6baa3e6976198249f,,WITHHELD
wmt_conditional_analyst_base_20260521_v1,wmt_conditional_base_v1,net_sales,2028-02-01,2029-01-31,walmart_consolidated_group,,USD,USD,792698329904.0000000000,d7f1c30102fcae720d93ae4680ee73cbbf3d32b9cb6f9ccc150de4669016c2d6,,WITHHELD
wmt_conditional_analyst_base_20260521_v1,wmt_conditional_base_v1,other_revenue,2028-02-01,2029-01-31,walmart_consolidated_group,,USD,USD,7977996520.00000000,d7f1c30102fcae720d93ae4680ee73cbbf3d32b9cb6f9ccc150de4669016c2d6,,WITHHELD
wmt_conditional_analyst_base_20260521_v1,wmt_conditional_base_v1,operating_income,2028-02-01,2029-01-31,walmart_consolidated_group,,USD,USD,33468270444.52320000000000,d7f1c30102fcae720d93ae4680ee73cbbf3d32b9cb6f9ccc150de4669016c2d6,,WITHHELD
wmt_conditional_analyst_base_20260521_v1,wmt_conditional_base_v1,net_income,2028-02-01,2029-01-31,walmart_consolidated_group,,USD,USD,23398325537.8376320000000000,d7f1c30102fcae720d93ae4680ee73cbbf3d32b9cb6f9ccc150de4669016c2d6,,WITHHELD
wmt_conditional_analyst_base_20260521_v1,wmt_conditional_base_v1,cash_from_operations,2028-02-01,2029-01-31,walmart_consolidated_group,,USD,USD,40150078324.1110720000000000,d7f1c30102fcae720d93ae4680ee73cbbf3d32b9cb6f9ccc150de4669016c2d6,,WITHHELD
wmt_conditional_analyst_base_20260521_v1,wmt_conditional_base_v1,cash_from_investing,2028-02-01,2029-01-31,walmart_consolidated_group,,USD,USD,-29884727037.38080000000000,d7f1c30102fcae720d93ae4680ee73cbbf3d32b9cb6f9ccc150de4669016c2d6,,WITHHELD
wmt_conditional_analyst_base_20260521_v1,wmt_conditional_base_v1,cash_from_financing,2028-02-01,2029-01-31,walmart_consolidated_group,,USD,USD,-7500000000,d7f1c30102fcae720d93ae4680ee73cbbf3d32b9cb6f9ccc150de4669016c2d6,,WITHHELD
wmt_conditional_analyst_base_20260521_v1,wmt_conditional_base_v1,closing_cash_and_equivalents,2028-02-01,2029-01-31,walmart_consolidated_group,,USD,USD,26746416579.1769920000000000,d7f1c30102fcae720d93ae4680ee73cbbf3d32b9cb6f9ccc150de4669016c2d6,,WITHHELD
wmt_conditional_analyst_base_20260521_v1,wmt_conditional_base_v1,total_assets,2028-02-01,2029-01-31,walmart_consolidated_group,,USD,USD,346342928244.0779520000000000,d7f1c30102fcae720d93ae4680ee73cbbf3d32b9cb6f9ccc150de4669016c2d6,,WITHHELD
wmt_conditional_analyst_base_20260521_v1,wmt_conditional_base_v1,total_liabilities_and_equity,2028-02-01,2029-01-31,walmart_consolidated_group,,USD,USD,346342928244.0779520000000000,d7f1c30102fcae720d93ae4680ee73cbbf3d32b9cb6f9ccc150de4669016c2d6,,WITHHELD
wmt_conditional_analyst_base_20260521_v1,wmt_conditional_base_v1,fcff_conditional,2028-02-01,2029-01-31,walmart_consolidated_group,,USD,USD,12302911286.7302720000000000,core_fcff_ba9af5fa8275b84e9cc462aa42f16a04b98264fdc92eb7f36ec52e2f6a7c4eaf,,WITHHELD
wmt_conditional_analyst_base_20260521_v1,wmt_conditional_base_v1,fcfe_conditional,2028-02-01,2029-01-31,walmart_consolidated_group,,USD,USD,10265351286.7302720000000000,core_fcfe_ba41d880751fe02763db8a4e1fd9c9f8748d75091ffc648fa7447f4b852c6a96,,WITHHELD
wmt_conditional_analyst_base_20260521_v1,wmt_conditional_base_v1,net_sales,2029-02-01,2030-01-31,walmart_consolidated_group,,USD,USD,820442771450.6400000000000,d7f1c30102fcae720d93ae4680ee73cbbf3d32b9cb6f9ccc150de4669016c2d6,,WITHHELD
wmt_conditional_analyst_base_20260521_v1,wmt_conditional_base_v1,other_revenue,2029-02-01,2030-01-31,walmart_consolidated_group,,USD,USD,8257226398.20000000000,d7f1c30102fcae720d93ae4680ee73cbbf3d32b9cb6f9ccc150de4669016c2d6,,WITHHELD
wmt_conditional_analyst_base_20260521_v1,wmt_conditional_base_v1,operating_income,2029-02-01,2030-01-31,walmart_consolidated_group,,USD,USD,34639659910.08151200000000000,d7f1c30102fcae720d93ae4680ee73cbbf3d32b9cb6f9ccc150de4669016c2d6,,WITHHELD
wmt_conditional_analyst_base_20260521_v1,wmt_conditional_base_v1,net_income,2029-02-01,2030-01-31,walmart_consolidated_group,,USD,USD,24288581531.6619491200000000000,d7f1c30102fcae720d93ae4680ee73cbbf3d32b9cb6f9ccc150de4669016c2d6,,WITHHELD
wmt_conditional_analyst_base_20260521_v1,wmt_conditional_base_v1,cash_from_operations,2029-02-01,2030-01-31,walmart_consolidated_group,,USD,USD,41572092739.4259035200000000000,d7f1c30102fcae720d93ae4680ee73cbbf3d32b9cb6f9ccc150de4669016c2d6,,WITHHELD
wmt_conditional_analyst_base_20260521_v1,wmt_conditional_base_v1,cash_from_investing,2029-02-01,2030-01-31,walmart_consolidated_group,,USD,USD,-30930692483.68912800000000000,d7f1c30102fcae720d93ae4680ee73cbbf3d32b9cb6f9ccc150de4669016c2d6,,WITHHELD
wmt_conditional_analyst_base_20260521_v1,wmt_conditional_base_v1,cash_from_financing,2029-02-01,2030-01-31,walmart_consolidated_group,,USD,USD,-7500000000,d7f1c30102fcae720d93ae4680ee73cbbf3d32b9cb6f9ccc150de4669016c2d6,,WITHHELD
wmt_conditional_analyst_base_20260521_v1,wmt_conditional_base_v1,closing_cash_and_equivalents,2029-02-01,2030-01-31,walmart_consolidated_group,,USD,USD,29887816834.9137675200000000000,d7f1c30102fcae720d93ae4680ee73cbbf3d32b9cb6f9ccc150de4669016c2d6,,WITHHELD
wmt_conditional_analyst_base_20260521_v1,wmt_conditional_base_v1,total_assets,2029-02-01,2030-01-31,walmart_consolidated_group,,USD,USD,366835392722.2163411200000000000,d7f1c30102fcae720d93ae4680ee73cbbf3d32b9cb6f9ccc150de4669016c2d6,,WITHHELD
wmt_conditional_analyst_base_20260521_v1,wmt_conditional_base_v1,total_liabilities_and_equity,2029-02-01,2030-01-31,walmart_consolidated_group,,USD,USD,366835392722.2163411200000000000,d7f1c30102fcae720d93ae4680ee73cbbf3d32b9cb6f9ccc150de4669016c2d6,,WITHHELD
wmt_conditional_analyst_base_20260521_v1,wmt_conditional_base_v1,fcff_conditional,2029-02-01,2030-01-31,walmart_consolidated_group,,USD,USD,12678960255.7367755200000000000,core_fcff_2614ab7b095caa39f728e4d0f14a6617441396531af450fdcbacb0c894f26e71,,WITHHELD
wmt_conditional_analyst_base_20260521_v1,wmt_conditional_base_v1,fcfe_conditional,2029-02-01,2030-01-31,walmart_consolidated_group,,USD,USD,10641400255.7367755200000000000,core_fcfe_1c5d5df4a7dbaf2c3b6c79b69481819d3ffb5781aa680662da2deba3948c7386,,WITHHELD
wmt_conditional_analyst_base_20260521_v1,wmt_conditional_base_v1,net_sales,2030-02-01,2031-01-31,walmart_consolidated_group,,USD,USD,847107161522.78580000000000000,d7f1c30102fcae720d93ae4680ee73cbbf3d32b9cb6f9ccc150de4669016c2d6,,WITHHELD
wmt_conditional_analyst_base_20260521_v1,wmt_conditional_base_v1,other_revenue,2030-02-01,2031-01-31,walmart_consolidated_group,,USD,USD,8525586256.141500000000000,d7f1c30102fcae720d93ae4680ee73cbbf3d32b9cb6f9ccc150de4669016c2d6,,WITHHELD
wmt_conditional_analyst_base_20260521_v1,wmt_conditional_base_v1,operating_income,2030-02-01,2031-01-31,walmart_consolidated_group,,USD,USD,35765448857.159161140000000000000,d7f1c30102fcae720d93ae4680ee73cbbf3d32b9cb6f9ccc150de4669016c2d6,,WITHHELD
wmt_conditional_analyst_base_20260521_v1,wmt_conditional_base_v1,net_income,2030-02-01,2031-01-31,walmart_consolidated_group,,USD,USD,25144181131.44096246640000000000000,d7f1c30102fcae720d93ae4680ee73cbbf3d32b9cb6f9ccc150de4669016c2d6,,WITHHELD
wmt_conditional_analyst_base_20260521_v1,wmt_conditional_base_v1,cash_from_operations,2030-02-01,2031-01-31,walmart_consolidated_group,,USD,USD,42932807792.70209978440000000000000,d7f1c30102fcae720d93ae4680ee73cbbf3d32b9cb6f9ccc150de4669016c2d6,,WITHHELD
wmt_conditional_analyst_base_20260521_v1,wmt_conditional_base_v1,cash_from_investing,2030-02-01,2031-01-31,walmart_consolidated_group,,USD,USD,-31935939989.409024660000000000000,d7f1c30102fcae720d93ae4680ee73cbbf3d32b9cb6f9ccc150de4669016c2d6,,WITHHELD
wmt_conditional_analyst_base_20260521_v1,wmt_conditional_base_v1,cash_from_financing,2030-02-01,2031-01-31,walmart_consolidated_group,,USD,USD,-7500000000,d7f1c30102fcae720d93ae4680ee73cbbf3d32b9cb6f9ccc150de4669016c2d6,,WITHHELD
wmt_conditional_analyst_base_20260521_v1,wmt_conditional_base_v1,closing_cash_and_equivalents,2030-02-01,2031-01-31,walmart_consolidated_group,,USD,USD,33384684638.20684264440000000000000,d7f1c30102fcae720d93ae4680ee73cbbf3d32b9cb6f9ccc150de4669016c2d6,,WITHHELD
wmt_conditional_analyst_base_20260521_v1,wmt_conditional_base_v1,total_assets,2030-02-01,2031-01-31,walmart_consolidated_group,,USD,USD,388039269928.28876788640000000000000,d7f1c30102fcae720d93ae4680ee73cbbf3d32b9cb6f9ccc150de4669016c2d6,,WITHHELD
wmt_conditional_analyst_base_20260521_v1,wmt_conditional_base_v1,total_liabilities_and_equity,2030-02-01,2031-01-31,walmart_consolidated_group,,USD,USD,388039269928.28876788640000000000000,d7f1c30102fcae720d93ae4680ee73cbbf3d32b9cb6f9ccc150de4669016c2d6,,WITHHELD
wmt_conditional_analyst_base_20260521_v1,wmt_conditional_base_v1,fcff_conditional,2030-02-01,2031-01-31,walmart_consolidated_group,,USD,USD,13034427803.29307512440000000000000,core_fcff_ae34016f1b0296328fa6e9de4fd5c4ccd864f804e2420579804e4e3f28364734,,WITHHELD
wmt_conditional_analyst_base_20260521_v1,wmt_conditional_base_v1,fcfe_conditional,2030-02-01,2031-01-31,walmart_consolidated_group,,USD,USD,10996867803.29307512440000000000000,core_fcfe_245771a133d4882018e9d5fad33772bc31098318c9ecf3d824a1200e933cb7f0,,WITHHELD
