scenario_id,scenario_purpose,version_id,driver_id,period_start,period_end,input_value,input_unit,evidence_or_assumption_id,mechanism,dependency_group,review_status,baseline_version_id
wmt_conditional_base_v1,ANALYST_BASE,wmt_conditional_analyst_base_20260521_v1,accrued_operating_liabilities_rate_of_fiscal_net_sales,2026-05-01,2027-01-31,0.0442,DECIMAL_RATE,A_FY26_ACCRUED_RATIO,CORE_LINKED_DRIVER,CONSOLIDATED_BASE,WITHHELD,wmt_actual_fy27q1_8k_20260521
wmt_conditional_base_v1,ANALYST_BASE,wmt_conditional_analyst_base_20260521_v1,capex_rate_of_fiscal_net_sales,2026-05-01,2027-01-31,0.035,DECIMAL_RATE,A_FY27_REMAINING_CAPEX_RATE,CORE_LINKED_DRIVER,CONSOLIDATED_BASE,WITHHELD,wmt_actual_fy27q1_8k_20260521
wmt_conditional_base_v1,ANALYST_BASE,wmt_conditional_analyst_base_20260521_v1,cash_other_income,2026-05-01,2027-01-31,0,USD,A_OTHER_GAIN_ZERO_SCENARIO,CORE_LINKED_DRIVER,CONSOLIDATED_BASE,WITHHELD,wmt_actual_fy27q1_8k_20260521
wmt_conditional_base_v1,ANALYST_BASE,wmt_conditional_analyst_base_20260521_v1,cash_tax_rate_on_pretax_income,2026-05-01,2027-01-31,0.24,USD,A_CASH_TAX_EQUAL_PROVISION,CORE_LINKED_DRIVER,CONSOLIDATED_BASE,WITHHELD,wmt_actual_fy27q1_8k_20260521
wmt_conditional_base_v1,ANALYST_BASE,wmt_conditional_analyst_base_20260521_v1,comparable_prior_net_sales,2026-05-01,2027-01-31,542432000000,USD,D_nf_193aa31cfbfb416ef16542578702062c23ce2069a215128f674a33c607a17d8a_nf_0ffc1bc90056d8e4817412f3105d1848176f6d7e822615c4778b0b1cf1281276,CORE_LINKED_DRIVER,CONSOLIDATED_BASE,WITHHELD,wmt_actual_fy27q1_8k_20260521
wmt_conditional_base_v1,ANALYST_BASE,wmt_conditional_analyst_base_20260521_v1,comparable_prior_other_revenue,2026-05-01,2027-01-31,5122000000,USD,D_nf_fce56c473de1a879417327ea45b75787d9f4a0fea5fde90ca684b8cfb772c3e4_nf_193aa31cfbfb416ef16542578702062c23ce2069a215128f674a33c607a17d8a_nf_c64ea1141660a809407a57d7d788c768b1587ee48bb498c670533ccddb4efae8,CORE_LINKED_DRIVER,CONSOLIDATED_BASE,WITHHELD,wmt_actual_fy27q1_8k_20260521
wmt_conditional_base_v1,ANALYST_BASE,wmt_conditional_analyst_base_20260521_v1,debt_carrying_noncash_change,2026-05-01,2027-01-31,0,USD,A_NO_DEBT_NONCASH_MOVEMENT,CORE_LINKED_DRIVER,CONSOLIDATED_BASE,WITHHELD,wmt_actual_fy27q1_8k_20260521
wmt_conditional_base_v1,ANALYST_BASE,wmt_conditional_analyst_base_20260521_v1,debt_issuance,2026-05-01,2027-01-31,3896000000,USD,A_FY27_REMAINING_DEBT_ISSUE,CORE_LINKED_DRIVER,CONSOLIDATED_BASE,WITHHELD,wmt_actual_fy27q1_8k_20260521
wmt_conditional_base_v1,ANALYST_BASE,wmt_conditional_analyst_base_20260521_v1,debt_repayment,2026-05-01,2027-01-31,3896000000,USD,A_FY27_REMAINING_DEBT_REPAY,CORE_LINKED_DRIVER,CONSOLIDATED_BASE,WITHHELD,wmt_actual_fy27q1_8k_20260521
wmt_conditional_base_v1,ANALYST_BASE,wmt_conditional_analyst_base_20260521_v1,depreciation_rate_of_total_revenue,2026-05-01,2027-01-31,0.0199,DECIMAL_RATE,A_FY26_DA_RATIO_PROXY,CORE_LINKED_DRIVER,CONSOLIDATED_BASE,WITHHELD,wmt_actual_fy27q1_8k_20260521
wmt_conditional_base_v1,ANALYST_BASE,wmt_conditional_analyst_base_20260521_v1,dividends_declared,2026-05-01,2027-01-31,0,USD,A_FY27_REMAINING_DIVIDENDS_DECLARED,CORE_LINKED_DRIVER,CONSOLIDATED_BASE,WITHHELD,wmt_actual_fy27q1_8k_20260521
wmt_conditional_base_v1,ANALYST_BASE,wmt_conditional_analyst_base_20260521_v1,dividends_paid,2026-05-01,2027-01-31,5921000000,USD,A_FY27_REMAINING_DIVIDENDS_PAID,CORE_LINKED_DRIVER,CONSOLIDATED_BASE,WITHHELD,wmt_actual_fy27q1_8k_20260521
wmt_conditional_base_v1,ANALYST_BASE,wmt_conditional_analyst_base_20260521_v1,fiscal_year_capex_to_date,2026-05-01,2027-01-31,6684000000,USD,nf_2cdcbe3435bf5dd53a146fe5dc30e729af34a1fc65876c31303bab98e6ba655b,CORE_LINKED_DRIVER,CONSOLIDATED_BASE,WITHHELD,wmt_actual_fy27q1_8k_20260521
wmt_conditional_base_v1,ANALYST_BASE,wmt_conditional_analyst_base_20260521_v1,fiscal_year_net_sales_to_date,2026-05-01,2027-01-31,175684000000,USD,nf_eed0f6c62c3f49520edc2f70817f504ee125a40b38c6d7e8aa2f6e33634713dd,CORE_LINKED_DRIVER,CONSOLIDATED_BASE,WITHHELD,wmt_actual_fy27q1_8k_20260521
wmt_conditional_base_v1,ANALYST_BASE,wmt_conditional_analyst_base_20260521_v1,fiscal_year_other_revenue_to_date,2026-05-01,2027-01-31,2067000000,USD,nf_748c382009c6b723ae976a54c156909aa8c328ddfa71ae27c91503f65092ab62,CORE_LINKED_DRIVER,CONSOLIDATED_BASE,WITHHELD,wmt_actual_fy27q1_8k_20260521
wmt_conditional_base_v1,ANALYST_BASE,wmt_conditional_analyst_base_20260521_v1,interest_expense,2026-05-01,2027-01-31,2061000000,USD,A_FY27_REMAINING_NET_INTEREST_CASH_PROXY,CORE_LINKED_DRIVER,CONSOLIDATED_BASE,WITHHELD,wmt_actual_fy27q1_8k_20260521
wmt_conditional_base_v1,ANALYST_BASE,wmt_conditional_analyst_base_20260521_v1,inventory_rate_of_fiscal_net_sales,2026-05-01,2027-01-31,0.0833,DECIMAL_RATE,A_FY26_INVENTORY_RATIO,CORE_LINKED_DRIVER,CONSOLIDATED_BASE,WITHHELD,wmt_actual_fy27q1_8k_20260521
wmt_conditional_base_v1,ANALYST_BASE,wmt_conditional_analyst_base_20260521_v1,net_sales_growth_rate,2026-05-01,2027-01-31,0.0305,DECIMAL_RATE,A_FY27_REMAINING_NET_SALES_GROWTH,CORE_LINKED_DRIVER,CONSOLIDATED_BASE,WITHHELD,wmt_actual_fy27q1_8k_20260521
wmt_conditional_base_v1,ANALYST_BASE,wmt_conditional_analyst_base_20260521_v1,operating_margin_of_total_revenue,2026-05-01,2027-01-31,0.0418,DECIMAL_RATE,A_FY26_GAAP_OPERATING_MARGIN_PROXY,CORE_LINKED_DRIVER,CONSOLIDATED_BASE,WITHHELD,wmt_actual_fy27q1_8k_20260521
wmt_conditional_base_v1,ANALYST_BASE,wmt_conditional_analyst_base_20260521_v1,other_comprehensive_income,2026-05-01,2027-01-31,0,USD,A_NO_FUTURE_OCI,CORE_LINKED_DRIVER,CONSOLIDATED_BASE,WITHHELD,wmt_actual_fy27q1_8k_20260521
wmt_conditional_base_v1,ANALYST_BASE,wmt_conditional_analyst_base_20260521_v1,other_liabilities_financing_cash_change,2026-05-01,2027-01-31,0,USD,A_STATIC_OTHER_LIABILITY_FINANCING,CORE_LINKED_DRIVER,CONSOLIDATED_BASE,WITHHELD,wmt_actual_fy27q1_8k_20260521
wmt_conditional_base_v1,ANALYST_BASE,wmt_conditional_analyst_base_20260521_v1,other_liabilities_noncash_change,2026-05-01,2027-01-31,0,USD,A_STATIC_OTHER_LIABILITY_NONCASH,CORE_LINKED_DRIVER,CONSOLIDATED_BASE,WITHHELD,wmt_actual_fy27q1_8k_20260521
wmt_conditional_base_v1,ANALYST_BASE,wmt_conditional_analyst_base_20260521_v1,other_liabilities_operating_cash_change,2026-05-01,2027-01-31,0,USD,A_STATIC_OTHER_LIABILITY_OPERATING,CORE_LINKED_DRIVER,CONSOLIDATED_BASE,WITHHELD,wmt_actual_fy27q1_8k_20260521
wmt_conditional_base_v1,ANALYST_BASE,wmt_conditional_analyst_base_20260521_v1,other_long_lived_assets_investing_cash_change,2026-05-01,2027-01-31,0,USD,A_NO_OTHER_LONG_ASSET_INVESTMENT,CORE_LINKED_DRIVER,CONSOLIDATED_BASE,WITHHELD,wmt_actual_fy27q1_8k_20260521
wmt_conditional_base_v1,ANALYST_BASE,wmt_conditional_analyst_base_20260521_v1,other_long_lived_assets_noncash_change,2026-05-01,2027-01-31,0,USD,A_STATIC_OTHER_LONG_ASSETS,CORE_LINKED_DRIVER,CONSOLIDATED_BASE,WITHHELD,wmt_actual_fy27q1_8k_20260521
wmt_conditional_base_v1,ANALYST_BASE,wmt_conditional_analyst_base_20260521_v1,other_operating_assets_rate_of_fiscal_net_sales,2026-05-01,2027-01-31,0.00584,DECIMAL_RATE,A_FY26_PREPAID_RATIO,CORE_LINKED_DRIVER,CONSOLIDATED_BASE,WITHHELD,wmt_actual_fy27q1_8k_20260521
wmt_conditional_base_v1,ANALYST_BASE,wmt_conditional_analyst_base_20260521_v1,other_revenue_growth_rate,2026-05-01,2027-01-31,0.04,DECIMAL_RATE,A_FY27_REMAINING_OTHER_REVENUE_GROWTH,CORE_LINKED_DRIVER,CONSOLIDATED_BASE,WITHHELD,wmt_actual_fy27q1_8k_20260521
wmt_conditional_base_v1,ANALYST_BASE,wmt_conditional_analyst_base_20260521_v1,payables_rate_of_fiscal_net_sales,2026-05-01,2027-01-31,0.0893,DECIMAL_RATE,A_FY26_AP_RATIO,CORE_LINKED_DRIVER,CONSOLIDATED_BASE,WITHHELD,wmt_actual_fy27q1_8k_20260521
wmt_conditional_base_v1,ANALYST_BASE,wmt_conditional_analyst_base_20260521_v1,ppe_noncash_change,2026-05-01,2027-01-31,0,USD,A_NO_PPE_NONCASH_MOVEMENT,CORE_LINKED_DRIVER,CONSOLIDATED_BASE,WITHHELD,wmt_actual_fy27q1_8k_20260521
wmt_conditional_base_v1,ANALYST_BASE,wmt_conditional_analyst_base_20260521_v1,receivables_rate_of_fiscal_net_sales,2026-05-01,2027-01-31,0.0158,DECIMAL_RATE,A_FY26_AR_RATIO,CORE_LINKED_DRIVER,CONSOLIDATED_BASE,WITHHELD,wmt_actual_fy27q1_8k_20260521
wmt_conditional_base_v1,ANALYST_BASE,wmt_conditional_analyst_base_20260521_v1,share_issuance,2026-05-01,2027-01-31,0,USD,A_NO_SHARE_ISSUANCE,CORE_LINKED_DRIVER,CONSOLIDATED_BASE,WITHHELD,wmt_actual_fy27q1_8k_20260521
wmt_conditional_base_v1,ANALYST_BASE,wmt_conditional_analyst_base_20260521_v1,share_repurchases,2026-05-01,2027-01-31,0,USD,A_NO_SHARE_BUYBACK,CORE_LINKED_DRIVER,CONSOLIDATED_BASE,WITHHELD,wmt_actual_fy27q1_8k_20260521
wmt_conditional_base_v1,ANALYST_BASE,wmt_conditional_analyst_base_20260521_v1,tax_rate_on_pretax_income,2026-05-01,2027-01-31,0.24,USD,A_TAX_RATE_24,CORE_LINKED_DRIVER,CONSOLIDATED_BASE,WITHHELD,wmt_actual_fy27q1_8k_20260521
wmt_conditional_base_v1,ANALYST_BASE,wmt_conditional_analyst_base_20260521_v1,accrued_operating_liabilities_rate_of_fiscal_net_sales,2027-02-01,2028-01-31,0.0442,DECIMAL_RATE,A_FY26_ACCRUED_RATIO,CORE_LINKED_DRIVER,CONSOLIDATED_BASE,WITHHELD,wmt_actual_fy27q1_8k_20260521
wmt_conditional_base_v1,ANALYST_BASE,wmt_conditional_analyst_base_20260521_v1,capex_rate_of_fiscal_net_sales,2027-02-01,2028-01-31,0.0377,DECIMAL_RATE,A_FY28_CAPEX_RATE,CORE_LINKED_DRIVER,CONSOLIDATED_BASE,WITHHELD,wmt_actual_fy27q1_8k_20260521
wmt_conditional_base_v1,ANALYST_BASE,wmt_conditional_analyst_base_20260521_v1,cash_other_income,2027-02-01,2028-01-31,0,USD,A_OTHER_GAIN_ZERO_SCENARIO,CORE_LINKED_DRIVER,CONSOLIDATED_BASE,WITHHELD,wmt_actual_fy27q1_8k_20260521
wmt_conditional_base_v1,ANALYST_BASE,wmt_conditional_analyst_base_20260521_v1,cash_tax_rate_on_pretax_income,2027-02-01,2028-01-31,0.24,USD,A_CASH_TAX_EQUAL_PROVISION,CORE_LINKED_DRIVER,CONSOLIDATED_BASE,WITHHELD,wmt_actual_fy27q1_8k_20260521
wmt_conditional_base_v1,ANALYST_BASE,wmt_conditional_analyst_base_20260521_v1,comparable_prior_net_sales,2027-02-01,2028-01-31,734660176000.0000,USD,D_FY27_REMAINING_FISCAL_SALES,CORE_LINKED_DRIVER,CONSOLIDATED_BASE,WITHHELD,wmt_actual_fy27q1_8k_20260521
wmt_conditional_base_v1,ANALYST_BASE,wmt_conditional_analyst_base_20260521_v1,comparable_prior_other_revenue,2027-02-01,2028-01-31,7393880000.00,USD,D_FY27_REMAINING_FISCAL_OTHER_REVENUE,CORE_LINKED_DRIVER,CONSOLIDATED_BASE,WITHHELD,wmt_actual_fy27q1_8k_20260521
wmt_conditional_base_v1,ANALYST_BASE,wmt_conditional_analyst_base_20260521_v1,debt_carrying_noncash_change,2027-02-01,2028-01-31,0,USD,A_NO_DEBT_NONCASH_MOVEMENT,CORE_LINKED_DRIVER,CONSOLIDATED_BASE,WITHHELD,wmt_actual_fy27q1_8k_20260521
wmt_conditional_base_v1,ANALYST_BASE,wmt_conditional_analyst_base_20260521_v1,debt_issuance,2027-02-01,2028-01-31,0,USD,A_FY28_DEBT_ISSUE,CORE_LINKED_DRIVER,CONSOLIDATED_BASE,WITHHELD,wmt_actual_fy27q1_8k_20260521
wmt_conditional_base_v1,ANALYST_BASE,wmt_conditional_analyst_base_20260521_v1,debt_repayment,2027-02-01,2028-01-31,0,USD,A_FY28_DEBT_REPAY,CORE_LINKED_DRIVER,CONSOLIDATED_BASE,WITHHELD,wmt_actual_fy27q1_8k_20260521
wmt_conditional_base_v1,ANALYST_BASE,wmt_conditional_analyst_base_20260521_v1,depreciation_rate_of_total_revenue,2027-02-01,2028-01-31,0.0199,DECIMAL_RATE,A_FY26_DA_RATIO_PROXY,CORE_LINKED_DRIVER,CONSOLIDATED_BASE,WITHHELD,wmt_actual_fy27q1_8k_20260521
wmt_conditional_base_v1,ANALYST_BASE,wmt_conditional_analyst_base_20260521_v1,dividends_declared,2027-02-01,2028-01-31,7500000000,USD,A_FY28_DIVIDENDS_DECLARED,CORE_LINKED_DRIVER,CONSOLIDATED_BASE,WITHHELD,wmt_actual_fy27q1_8k_20260521
wmt_conditional_base_v1,ANALYST_BASE,wmt_conditional_analyst_base_20260521_v1,dividends_paid,2027-02-01,2028-01-31,7500000000,USD,A_FY28_DIVIDENDS_PAID,CORE_LINKED_DRIVER,CONSOLIDATED_BASE,WITHHELD,wmt_actual_fy27q1_8k_20260521
wmt_conditional_base_v1,ANALYST_BASE,wmt_conditional_analyst_base_20260521_v1,fiscal_year_capex_to_date,2027-02-01,2028-01-31,0,USD,A_FY28_FULL_YEAR_NO_PRIOR_YTD,CORE_LINKED_DRIVER,CONSOLIDATED_BASE,WITHHELD,wmt_actual_fy27q1_8k_20260521
wmt_conditional_base_v1,ANALYST_BASE,wmt_conditional_analyst_base_20260521_v1,fiscal_year_net_sales_to_date,2027-02-01,2028-01-31,0,USD,A_FY28_FULL_YEAR_NO_PRIOR_YTD,CORE_LINKED_DRIVER,CONSOLIDATED_BASE,WITHHELD,wmt_actual_fy27q1_8k_20260521
wmt_conditional_base_v1,ANALYST_BASE,wmt_conditional_analyst_base_20260521_v1,fiscal_year_other_revenue_to_date,2027-02-01,2028-01-31,0,USD,A_FY28_FULL_YEAR_NO_PRIOR_YTD,CORE_LINKED_DRIVER,CONSOLIDATED_BASE,WITHHELD,wmt_actual_fy27q1_8k_20260521
wmt_conditional_base_v1,ANALYST_BASE,wmt_conditional_analyst_base_20260521_v1,interest_expense,2027-02-01,2028-01-31,2681000000,USD,A_FY28_NET_INTEREST_CASH_PROXY,CORE_LINKED_DRIVER,CONSOLIDATED_BASE,WITHHELD,wmt_actual_fy27q1_8k_20260521
wmt_conditional_base_v1,ANALYST_BASE,wmt_conditional_analyst_base_20260521_v1,inventory_rate_of_fiscal_net_sales,2027-02-01,2028-01-31,0.0833,DECIMAL_RATE,A_FY26_INVENTORY_RATIO,CORE_LINKED_DRIVER,CONSOLIDATED_BASE,WITHHELD,wmt_actual_fy27q1_8k_20260521
wmt_conditional_base_v1,ANALYST_BASE,wmt_conditional_analyst_base_20260521_v1,net_sales_growth_rate,2027-02-01,2028-01-31,0.04,DECIMAL_RATE,A_FY28_NET_SALES_GROWTH,CORE_LINKED_DRIVER,CONSOLIDATED_BASE,WITHHELD,wmt_actual_fy27q1_8k_20260521
wmt_conditional_base_v1,ANALYST_BASE,wmt_conditional_analyst_base_20260521_v1,operating_margin_of_total_revenue,2027-02-01,2028-01-31,0.0418,DECIMAL_RATE,A_FY26_GAAP_OPERATING_MARGIN_PROXY,CORE_LINKED_DRIVER,CONSOLIDATED_BASE,WITHHELD,wmt_actual_fy27q1_8k_20260521
wmt_conditional_base_v1,ANALYST_BASE,wmt_conditional_analyst_base_20260521_v1,other_comprehensive_income,2027-02-01,2028-01-31,0,USD,A_NO_FUTURE_OCI,CORE_LINKED_DRIVER,CONSOLIDATED_BASE,WITHHELD,wmt_actual_fy27q1_8k_20260521
wmt_conditional_base_v1,ANALYST_BASE,wmt_conditional_analyst_base_20260521_v1,other_liabilities_financing_cash_change,2027-02-01,2028-01-31,0,USD,A_STATIC_OTHER_LIABILITY_FINANCING,CORE_LINKED_DRIVER,CONSOLIDATED_BASE,WITHHELD,wmt_actual_fy27q1_8k_20260521
wmt_conditional_base_v1,ANALYST_BASE,wmt_conditional_analyst_base_20260521_v1,other_liabilities_noncash_change,2027-02-01,2028-01-31,0,USD,A_STATIC_OTHER_LIABILITY_NONCASH,CORE_LINKED_DRIVER,CONSOLIDATED_BASE,WITHHELD,wmt_actual_fy27q1_8k_20260521
wmt_conditional_base_v1,ANALYST_BASE,wmt_conditional_analyst_base_20260521_v1,other_liabilities_operating_cash_change,2027-02-01,2028-01-31,0,USD,A_STATIC_OTHER_LIABILITY_OPERATING,CORE_LINKED_DRIVER,CONSOLIDATED_BASE,WITHHELD,wmt_actual_fy27q1_8k_20260521
wmt_conditional_base_v1,ANALYST_BASE,wmt_conditional_analyst_base_20260521_v1,other_long_lived_assets_investing_cash_change,2027-02-01,2028-01-31,0,USD,A_NO_OTHER_LONG_ASSET_INVESTMENT,CORE_LINKED_DRIVER,CONSOLIDATED_BASE,WITHHELD,wmt_actual_fy27q1_8k_20260521
wmt_conditional_base_v1,ANALYST_BASE,wmt_conditional_analyst_base_20260521_v1,other_long_lived_assets_noncash_change,2027-02-01,2028-01-31,0,USD,A_STATIC_OTHER_LONG_ASSETS,CORE_LINKED_DRIVER,CONSOLIDATED_BASE,WITHHELD,wmt_actual_fy27q1_8k_20260521
wmt_conditional_base_v1,ANALYST_BASE,wmt_conditional_analyst_base_20260521_v1,other_operating_assets_rate_of_fiscal_net_sales,2027-02-01,2028-01-31,0.00584,DECIMAL_RATE,A_FY26_PREPAID_RATIO,CORE_LINKED_DRIVER,CONSOLIDATED_BASE,WITHHELD,wmt_actual_fy27q1_8k_20260521
wmt_conditional_base_v1,ANALYST_BASE,wmt_conditional_analyst_base_20260521_v1,other_revenue_growth_rate,2027-02-01,2028-01-31,0.04,DECIMAL_RATE,A_FY28_OTHER_REVENUE_GROWTH,CORE_LINKED_DRIVER,CONSOLIDATED_BASE,WITHHELD,wmt_actual_fy27q1_8k_20260521
wmt_conditional_base_v1,ANALYST_BASE,wmt_conditional_analyst_base_20260521_v1,payables_rate_of_fiscal_net_sales,2027-02-01,2028-01-31,0.0893,DECIMAL_RATE,A_FY26_AP_RATIO,CORE_LINKED_DRIVER,CONSOLIDATED_BASE,WITHHELD,wmt_actual_fy27q1_8k_20260521
wmt_conditional_base_v1,ANALYST_BASE,wmt_conditional_analyst_base_20260521_v1,ppe_noncash_change,2027-02-01,2028-01-31,0,USD,A_NO_PPE_NONCASH_MOVEMENT,CORE_LINKED_DRIVER,CONSOLIDATED_BASE,WITHHELD,wmt_actual_fy27q1_8k_20260521
wmt_conditional_base_v1,ANALYST_BASE,wmt_conditional_analyst_base_20260521_v1,receivables_rate_of_fiscal_net_sales,2027-02-01,2028-01-31,0.0158,DECIMAL_RATE,A_FY26_AR_RATIO,CORE_LINKED_DRIVER,CONSOLIDATED_BASE,WITHHELD,wmt_actual_fy27q1_8k_20260521
wmt_conditional_base_v1,ANALYST_BASE,wmt_conditional_analyst_base_20260521_v1,share_issuance,2027-02-01,2028-01-31,0,USD,A_NO_SHARE_ISSUANCE,CORE_LINKED_DRIVER,CONSOLIDATED_BASE,WITHHELD,wmt_actual_fy27q1_8k_20260521
wmt_conditional_base_v1,ANALYST_BASE,wmt_conditional_analyst_base_20260521_v1,share_repurchases,2027-02-01,2028-01-31,0,USD,A_NO_SHARE_BUYBACK,CORE_LINKED_DRIVER,CONSOLIDATED_BASE,WITHHELD,wmt_actual_fy27q1_8k_20260521
wmt_conditional_base_v1,ANALYST_BASE,wmt_conditional_analyst_base_20260521_v1,tax_rate_on_pretax_income,2027-02-01,2028-01-31,0.24,USD,A_TAX_RATE_24,CORE_LINKED_DRIVER,CONSOLIDATED_BASE,WITHHELD,wmt_actual_fy27q1_8k_20260521
wmt_conditional_base_v1,ANALYST_BASE,wmt_conditional_analyst_base_20260521_v1,accrued_operating_liabilities_rate_of_fiscal_net_sales,2028-02-01,2029-01-31,0.0442,DECIMAL_RATE,A_FY26_ACCRUED_RATIO,CORE_LINKED_DRIVER,CONSOLIDATED_BASE,WITHHELD,wmt_actual_fy27q1_8k_20260521
wmt_conditional_base_v1,ANALYST_BASE,wmt_conditional_analyst_base_20260521_v1,capex_rate_of_fiscal_net_sales,2028-02-01,2029-01-31,0.0377,DECIMAL_RATE,A_FY29_CAPEX_RATE,CORE_LINKED_DRIVER,CONSOLIDATED_BASE,WITHHELD,wmt_actual_fy27q1_8k_20260521
wmt_conditional_base_v1,ANALYST_BASE,wmt_conditional_analyst_base_20260521_v1,cash_other_income,2028-02-01,2029-01-31,0,USD,A_OTHER_GAIN_ZERO_SCENARIO,CORE_LINKED_DRIVER,CONSOLIDATED_BASE,WITHHELD,wmt_actual_fy27q1_8k_20260521
wmt_conditional_base_v1,ANALYST_BASE,wmt_conditional_analyst_base_20260521_v1,cash_tax_rate_on_pretax_income,2028-02-01,2029-01-31,0.24,USD,A_CASH_TAX_EQUAL_PROVISION,CORE_LINKED_DRIVER,CONSOLIDATED_BASE,WITHHELD,wmt_actual_fy27q1_8k_20260521
wmt_conditional_base_v1,ANALYST_BASE,wmt_conditional_analyst_base_20260521_v1,comparable_prior_net_sales,2028-02-01,2029-01-31,764046583040.000000,USD,D_FY28_FISCAL_SALES,CORE_LINKED_DRIVER,CONSOLIDATED_BASE,WITHHELD,wmt_actual_fy27q1_8k_20260521
wmt_conditional_base_v1,ANALYST_BASE,wmt_conditional_analyst_base_20260521_v1,comparable_prior_other_revenue,2028-02-01,2029-01-31,7689635200.0000,USD,D_FY28_FISCAL_OTHER_REVENUE,CORE_LINKED_DRIVER,CONSOLIDATED_BASE,WITHHELD,wmt_actual_fy27q1_8k_20260521
wmt_conditional_base_v1,ANALYST_BASE,wmt_conditional_analyst_base_20260521_v1,debt_carrying_noncash_change,2028-02-01,2029-01-31,0,USD,A_NO_DEBT_NONCASH_MOVEMENT,CORE_LINKED_DRIVER,CONSOLIDATED_BASE,WITHHELD,wmt_actual_fy27q1_8k_20260521
wmt_conditional_base_v1,ANALYST_BASE,wmt_conditional_analyst_base_20260521_v1,debt_issuance,2028-02-01,2029-01-31,0,USD,A_FY29_DEBT_ISSUE,CORE_LINKED_DRIVER,CONSOLIDATED_BASE,WITHHELD,wmt_actual_fy27q1_8k_20260521
wmt_conditional_base_v1,ANALYST_BASE,wmt_conditional_analyst_base_20260521_v1,debt_repayment,2028-02-01,2029-01-31,0,USD,A_FY29_DEBT_REPAY,CORE_LINKED_DRIVER,CONSOLIDATED_BASE,WITHHELD,wmt_actual_fy27q1_8k_20260521
wmt_conditional_base_v1,ANALYST_BASE,wmt_conditional_analyst_base_20260521_v1,depreciation_rate_of_total_revenue,2028-02-01,2029-01-31,0.0199,DECIMAL_RATE,A_FY26_DA_RATIO_PROXY,CORE_LINKED_DRIVER,CONSOLIDATED_BASE,WITHHELD,wmt_actual_fy27q1_8k_20260521
wmt_conditional_base_v1,ANALYST_BASE,wmt_conditional_analyst_base_20260521_v1,dividends_declared,2028-02-01,2029-01-31,7500000000,USD,A_FY29_DIVIDENDS_DECLARED,CORE_LINKED_DRIVER,CONSOLIDATED_BASE,WITHHELD,wmt_actual_fy27q1_8k_20260521
wmt_conditional_base_v1,ANALYST_BASE,wmt_conditional_analyst_base_20260521_v1,dividends_paid,2028-02-01,2029-01-31,7500000000,USD,A_FY29_DIVIDENDS_PAID,CORE_LINKED_DRIVER,CONSOLIDATED_BASE,WITHHELD,wmt_actual_fy27q1_8k_20260521
wmt_conditional_base_v1,ANALYST_BASE,wmt_conditional_analyst_base_20260521_v1,fiscal_year_capex_to_date,2028-02-01,2029-01-31,0,USD,A_FY29_FULL_YEAR_NO_PRIOR_YTD,CORE_LINKED_DRIVER,CONSOLIDATED_BASE,WITHHELD,wmt_actual_fy27q1_8k_20260521
wmt_conditional_base_v1,ANALYST_BASE,wmt_conditional_analyst_base_20260521_v1,fiscal_year_net_sales_to_date,2028-02-01,2029-01-31,0,USD,A_FY29_FULL_YEAR_NO_PRIOR_YTD,CORE_LINKED_DRIVER,CONSOLIDATED_BASE,WITHHELD,wmt_actual_fy27q1_8k_20260521
wmt_conditional_base_v1,ANALYST_BASE,wmt_conditional_analyst_base_20260521_v1,fiscal_year_other_revenue_to_date,2028-02-01,2029-01-31,0,USD,A_FY29_FULL_YEAR_NO_PRIOR_YTD,CORE_LINKED_DRIVER,CONSOLIDATED_BASE,WITHHELD,wmt_actual_fy27q1_8k_20260521
wmt_conditional_base_v1,ANALYST_BASE,wmt_conditional_analyst_base_20260521_v1,interest_expense,2028-02-01,2029-01-31,2681000000,USD,A_FY29_NET_INTEREST_CASH_PROXY,CORE_LINKED_DRIVER,CONSOLIDATED_BASE,WITHHELD,wmt_actual_fy27q1_8k_20260521
wmt_conditional_base_v1,ANALYST_BASE,wmt_conditional_analyst_base_20260521_v1,inventory_rate_of_fiscal_net_sales,2028-02-01,2029-01-31,0.0833,DECIMAL_RATE,A_FY26_INVENTORY_RATIO,CORE_LINKED_DRIVER,CONSOLIDATED_BASE,WITHHELD,wmt_actual_fy27q1_8k_20260521
wmt_conditional_base_v1,ANALYST_BASE,wmt_conditional_analyst_base_20260521_v1,net_sales_growth_rate,2028-02-01,2029-01-31,0.0375,DECIMAL_RATE,A_FY29_NET_SALES_GROWTH,CORE_LINKED_DRIVER,CONSOLIDATED_BASE,WITHHELD,wmt_actual_fy27q1_8k_20260521
wmt_conditional_base_v1,ANALYST_BASE,wmt_conditional_analyst_base_20260521_v1,operating_margin_of_total_revenue,2028-02-01,2029-01-31,0.0418,DECIMAL_RATE,A_FY26_GAAP_OPERATING_MARGIN_PROXY,CORE_LINKED_DRIVER,CONSOLIDATED_BASE,WITHHELD,wmt_actual_fy27q1_8k_20260521
wmt_conditional_base_v1,ANALYST_BASE,wmt_conditional_analyst_base_20260521_v1,other_comprehensive_income,2028-02-01,2029-01-31,0,USD,A_NO_FUTURE_OCI,CORE_LINKED_DRIVER,CONSOLIDATED_BASE,WITHHELD,wmt_actual_fy27q1_8k_20260521
wmt_conditional_base_v1,ANALYST_BASE,wmt_conditional_analyst_base_20260521_v1,other_liabilities_financing_cash_change,2028-02-01,2029-01-31,0,USD,A_STATIC_OTHER_LIABILITY_FINANCING,CORE_LINKED_DRIVER,CONSOLIDATED_BASE,WITHHELD,wmt_actual_fy27q1_8k_20260521
wmt_conditional_base_v1,ANALYST_BASE,wmt_conditional_analyst_base_20260521_v1,other_liabilities_noncash_change,2028-02-01,2029-01-31,0,USD,A_STATIC_OTHER_LIABILITY_NONCASH,CORE_LINKED_DRIVER,CONSOLIDATED_BASE,WITHHELD,wmt_actual_fy27q1_8k_20260521
wmt_conditional_base_v1,ANALYST_BASE,wmt_conditional_analyst_base_20260521_v1,other_liabilities_operating_cash_change,2028-02-01,2029-01-31,0,USD,A_STATIC_OTHER_LIABILITY_OPERATING,CORE_LINKED_DRIVER,CONSOLIDATED_BASE,WITHHELD,wmt_actual_fy27q1_8k_20260521
wmt_conditional_base_v1,ANALYST_BASE,wmt_conditional_analyst_base_20260521_v1,other_long_lived_assets_investing_cash_change,2028-02-01,2029-01-31,0,USD,A_NO_OTHER_LONG_ASSET_INVESTMENT,CORE_LINKED_DRIVER,CONSOLIDATED_BASE,WITHHELD,wmt_actual_fy27q1_8k_20260521
wmt_conditional_base_v1,ANALYST_BASE,wmt_conditional_analyst_base_20260521_v1,other_long_lived_assets_noncash_change,2028-02-01,2029-01-31,0,USD,A_STATIC_OTHER_LONG_ASSETS,CORE_LINKED_DRIVER,CONSOLIDATED_BASE,WITHHELD,wmt_actual_fy27q1_8k_20260521
wmt_conditional_base_v1,ANALYST_BASE,wmt_conditional_analyst_base_20260521_v1,other_operating_assets_rate_of_fiscal_net_sales,2028-02-01,2029-01-31,0.00584,DECIMAL_RATE,A_FY26_PREPAID_RATIO,CORE_LINKED_DRIVER,CONSOLIDATED_BASE,WITHHELD,wmt_actual_fy27q1_8k_20260521
wmt_conditional_base_v1,ANALYST_BASE,wmt_conditional_analyst_base_20260521_v1,other_revenue_growth_rate,2028-02-01,2029-01-31,0.0375,DECIMAL_RATE,A_FY29_OTHER_REVENUE_GROWTH,CORE_LINKED_DRIVER,CONSOLIDATED_BASE,WITHHELD,wmt_actual_fy27q1_8k_20260521
wmt_conditional_base_v1,ANALYST_BASE,wmt_conditional_analyst_base_20260521_v1,payables_rate_of_fiscal_net_sales,2028-02-01,2029-01-31,0.0893,DECIMAL_RATE,A_FY26_AP_RATIO,CORE_LINKED_DRIVER,CONSOLIDATED_BASE,WITHHELD,wmt_actual_fy27q1_8k_20260521
wmt_conditional_base_v1,ANALYST_BASE,wmt_conditional_analyst_base_20260521_v1,ppe_noncash_change,2028-02-01,2029-01-31,0,USD,A_NO_PPE_NONCASH_MOVEMENT,CORE_LINKED_DRIVER,CONSOLIDATED_BASE,WITHHELD,wmt_actual_fy27q1_8k_20260521
wmt_conditional_base_v1,ANALYST_BASE,wmt_conditional_analyst_base_20260521_v1,receivables_rate_of_fiscal_net_sales,2028-02-01,2029-01-31,0.0158,DECIMAL_RATE,A_FY26_AR_RATIO,CORE_LINKED_DRIVER,CONSOLIDATED_BASE,WITHHELD,wmt_actual_fy27q1_8k_20260521
wmt_conditional_base_v1,ANALYST_BASE,wmt_conditional_analyst_base_20260521_v1,share_issuance,2028-02-01,2029-01-31,0,USD,A_NO_SHARE_ISSUANCE,CORE_LINKED_DRIVER,CONSOLIDATED_BASE,WITHHELD,wmt_actual_fy27q1_8k_20260521
wmt_conditional_base_v1,ANALYST_BASE,wmt_conditional_analyst_base_20260521_v1,share_repurchases,2028-02-01,2029-01-31,0,USD,A_NO_SHARE_BUYBACK,CORE_LINKED_DRIVER,CONSOLIDATED_BASE,WITHHELD,wmt_actual_fy27q1_8k_20260521
wmt_conditional_base_v1,ANALYST_BASE,wmt_conditional_analyst_base_20260521_v1,tax_rate_on_pretax_income,2028-02-01,2029-01-31,0.24,USD,A_TAX_RATE_24,CORE_LINKED_DRIVER,CONSOLIDATED_BASE,WITHHELD,wmt_actual_fy27q1_8k_20260521
wmt_conditional_base_v1,ANALYST_BASE,wmt_conditional_analyst_base_20260521_v1,accrued_operating_liabilities_rate_of_fiscal_net_sales,2029-02-01,2030-01-31,0.0442,DECIMAL_RATE,A_FY26_ACCRUED_RATIO,CORE_LINKED_DRIVER,CONSOLIDATED_BASE,WITHHELD,wmt_actual_fy27q1_8k_20260521
wmt_conditional_base_v1,ANALYST_BASE,wmt_conditional_analyst_base_20260521_v1,capex_rate_of_fiscal_net_sales,2029-02-01,2030-01-31,0.0377,DECIMAL_RATE,A_FY30_CAPEX_RATE,CORE_LINKED_DRIVER,CONSOLIDATED_BASE,WITHHELD,wmt_actual_fy27q1_8k_20260521
wmt_conditional_base_v1,ANALYST_BASE,wmt_conditional_analyst_base_20260521_v1,cash_other_income,2029-02-01,2030-01-31,0,USD,A_OTHER_GAIN_ZERO_SCENARIO,CORE_LINKED_DRIVER,CONSOLIDATED_BASE,WITHHELD,wmt_actual_fy27q1_8k_20260521
wmt_conditional_base_v1,ANALYST_BASE,wmt_conditional_analyst_base_20260521_v1,cash_tax_rate_on_pretax_income,2029-02-01,2030-01-31,0.24,USD,A_CASH_TAX_EQUAL_PROVISION,CORE_LINKED_DRIVER,CONSOLIDATED_BASE,WITHHELD,wmt_actual_fy27q1_8k_20260521
wmt_conditional_base_v1,ANALYST_BASE,wmt_conditional_analyst_base_20260521_v1,comparable_prior_net_sales,2029-02-01,2030-01-31,792698329904.0000000000,USD,D_FY29_FISCAL_SALES,CORE_LINKED_DRIVER,CONSOLIDATED_BASE,WITHHELD,wmt_actual_fy27q1_8k_20260521
wmt_conditional_base_v1,ANALYST_BASE,wmt_conditional_analyst_base_20260521_v1,comparable_prior_other_revenue,2029-02-01,2030-01-31,7977996520.00000000,USD,D_FY29_FISCAL_OTHER_REVENUE,CORE_LINKED_DRIVER,CONSOLIDATED_BASE,WITHHELD,wmt_actual_fy27q1_8k_20260521
wmt_conditional_base_v1,ANALYST_BASE,wmt_conditional_analyst_base_20260521_v1,debt_carrying_noncash_change,2029-02-01,2030-01-31,0,USD,A_NO_DEBT_NONCASH_MOVEMENT,CORE_LINKED_DRIVER,CONSOLIDATED_BASE,WITHHELD,wmt_actual_fy27q1_8k_20260521
wmt_conditional_base_v1,ANALYST_BASE,wmt_conditional_analyst_base_20260521_v1,debt_issuance,2029-02-01,2030-01-31,0,USD,A_FY30_DEBT_ISSUE,CORE_LINKED_DRIVER,CONSOLIDATED_BASE,WITHHELD,wmt_actual_fy27q1_8k_20260521
wmt_conditional_base_v1,ANALYST_BASE,wmt_conditional_analyst_base_20260521_v1,debt_repayment,2029-02-01,2030-01-31,0,USD,A_FY30_DEBT_REPAY,CORE_LINKED_DRIVER,CONSOLIDATED_BASE,WITHHELD,wmt_actual_fy27q1_8k_20260521
wmt_conditional_base_v1,ANALYST_BASE,wmt_conditional_analyst_base_20260521_v1,depreciation_rate_of_total_revenue,2029-02-01,2030-01-31,0.0199,DECIMAL_RATE,A_FY26_DA_RATIO_PROXY,CORE_LINKED_DRIVER,CONSOLIDATED_BASE,WITHHELD,wmt_actual_fy27q1_8k_20260521
wmt_conditional_base_v1,ANALYST_BASE,wmt_conditional_analyst_base_20260521_v1,dividends_declared,2029-02-01,2030-01-31,7500000000,USD,A_FY30_DIVIDENDS_DECLARED,CORE_LINKED_DRIVER,CONSOLIDATED_BASE,WITHHELD,wmt_actual_fy27q1_8k_20260521
wmt_conditional_base_v1,ANALYST_BASE,wmt_conditional_analyst_base_20260521_v1,dividends_paid,2029-02-01,2030-01-31,7500000000,USD,A_FY30_DIVIDENDS_PAID,CORE_LINKED_DRIVER,CONSOLIDATED_BASE,WITHHELD,wmt_actual_fy27q1_8k_20260521
wmt_conditional_base_v1,ANALYST_BASE,wmt_conditional_analyst_base_20260521_v1,fiscal_year_capex_to_date,2029-02-01,2030-01-31,0,USD,A_FY30_FULL_YEAR_NO_PRIOR_YTD,CORE_LINKED_DRIVER,CONSOLIDATED_BASE,WITHHELD,wmt_actual_fy27q1_8k_20260521
wmt_conditional_base_v1,ANALYST_BASE,wmt_conditional_analyst_base_20260521_v1,fiscal_year_net_sales_to_date,2029-02-01,2030-01-31,0,USD,A_FY30_FULL_YEAR_NO_PRIOR_YTD,CORE_LINKED_DRIVER,CONSOLIDATED_BASE,WITHHELD,wmt_actual_fy27q1_8k_20260521
wmt_conditional_base_v1,ANALYST_BASE,wmt_conditional_analyst_base_20260521_v1,fiscal_year_other_revenue_to_date,2029-02-01,2030-01-31,0,USD,A_FY30_FULL_YEAR_NO_PRIOR_YTD,CORE_LINKED_DRIVER,CONSOLIDATED_BASE,WITHHELD,wmt_actual_fy27q1_8k_20260521
wmt_conditional_base_v1,ANALYST_BASE,wmt_conditional_analyst_base_20260521_v1,interest_expense,2029-02-01,2030-01-31,2681000000,USD,A_FY30_NET_INTEREST_CASH_PROXY,CORE_LINKED_DRIVER,CONSOLIDATED_BASE,WITHHELD,wmt_actual_fy27q1_8k_20260521
wmt_conditional_base_v1,ANALYST_BASE,wmt_conditional_analyst_base_20260521_v1,inventory_rate_of_fiscal_net_sales,2029-02-01,2030-01-31,0.0833,DECIMAL_RATE,A_FY26_INVENTORY_RATIO,CORE_LINKED_DRIVER,CONSOLIDATED_BASE,WITHHELD,wmt_actual_fy27q1_8k_20260521
wmt_conditional_base_v1,ANALYST_BASE,wmt_conditional_analyst_base_20260521_v1,net_sales_growth_rate,2029-02-01,2030-01-31,0.035,DECIMAL_RATE,A_FY30_NET_SALES_GROWTH,CORE_LINKED_DRIVER,CONSOLIDATED_BASE,WITHHELD,wmt_actual_fy27q1_8k_20260521
wmt_conditional_base_v1,ANALYST_BASE,wmt_conditional_analyst_base_20260521_v1,operating_margin_of_total_revenue,2029-02-01,2030-01-31,0.0418,DECIMAL_RATE,A_FY26_GAAP_OPERATING_MARGIN_PROXY,CORE_LINKED_DRIVER,CONSOLIDATED_BASE,WITHHELD,wmt_actual_fy27q1_8k_20260521
wmt_conditional_base_v1,ANALYST_BASE,wmt_conditional_analyst_base_20260521_v1,other_comprehensive_income,2029-02-01,2030-01-31,0,USD,A_NO_FUTURE_OCI,CORE_LINKED_DRIVER,CONSOLIDATED_BASE,WITHHELD,wmt_actual_fy27q1_8k_20260521
wmt_conditional_base_v1,ANALYST_BASE,wmt_conditional_analyst_base_20260521_v1,other_liabilities_financing_cash_change,2029-02-01,2030-01-31,0,USD,A_STATIC_OTHER_LIABILITY_FINANCING,CORE_LINKED_DRIVER,CONSOLIDATED_BASE,WITHHELD,wmt_actual_fy27q1_8k_20260521
wmt_conditional_base_v1,ANALYST_BASE,wmt_conditional_analyst_base_20260521_v1,other_liabilities_noncash_change,2029-02-01,2030-01-31,0,USD,A_STATIC_OTHER_LIABILITY_NONCASH,CORE_LINKED_DRIVER,CONSOLIDATED_BASE,WITHHELD,wmt_actual_fy27q1_8k_20260521
wmt_conditional_base_v1,ANALYST_BASE,wmt_conditional_analyst_base_20260521_v1,other_liabilities_operating_cash_change,2029-02-01,2030-01-31,0,USD,A_STATIC_OTHER_LIABILITY_OPERATING,CORE_LINKED_DRIVER,CONSOLIDATED_BASE,WITHHELD,wmt_actual_fy27q1_8k_20260521
wmt_conditional_base_v1,ANALYST_BASE,wmt_conditional_analyst_base_20260521_v1,other_long_lived_assets_investing_cash_change,2029-02-01,2030-01-31,0,USD,A_NO_OTHER_LONG_ASSET_INVESTMENT,CORE_LINKED_DRIVER,CONSOLIDATED_BASE,WITHHELD,wmt_actual_fy27q1_8k_20260521
wmt_conditional_base_v1,ANALYST_BASE,wmt_conditional_analyst_base_20260521_v1,other_long_lived_assets_noncash_change,2029-02-01,2030-01-31,0,USD,A_STATIC_OTHER_LONG_ASSETS,CORE_LINKED_DRIVER,CONSOLIDATED_BASE,WITHHELD,wmt_actual_fy27q1_8k_20260521
wmt_conditional_base_v1,ANALYST_BASE,wmt_conditional_analyst_base_20260521_v1,other_operating_assets_rate_of_fiscal_net_sales,2029-02-01,2030-01-31,0.00584,DECIMAL_RATE,A_FY26_PREPAID_RATIO,CORE_LINKED_DRIVER,CONSOLIDATED_BASE,WITHHELD,wmt_actual_fy27q1_8k_20260521
wmt_conditional_base_v1,ANALYST_BASE,wmt_conditional_analyst_base_20260521_v1,other_revenue_growth_rate,2029-02-01,2030-01-31,0.035,DECIMAL_RATE,A_FY30_OTHER_REVENUE_GROWTH,CORE_LINKED_DRIVER,CONSOLIDATED_BASE,WITHHELD,wmt_actual_fy27q1_8k_20260521
wmt_conditional_base_v1,ANALYST_BASE,wmt_conditional_analyst_base_20260521_v1,payables_rate_of_fiscal_net_sales,2029-02-01,2030-01-31,0.0893,DECIMAL_RATE,A_FY26_AP_RATIO,CORE_LINKED_DRIVER,CONSOLIDATED_BASE,WITHHELD,wmt_actual_fy27q1_8k_20260521
wmt_conditional_base_v1,ANALYST_BASE,wmt_conditional_analyst_base_20260521_v1,ppe_noncash_change,2029-02-01,2030-01-31,0,USD,A_NO_PPE_NONCASH_MOVEMENT,CORE_LINKED_DRIVER,CONSOLIDATED_BASE,WITHHELD,wmt_actual_fy27q1_8k_20260521
wmt_conditional_base_v1,ANALYST_BASE,wmt_conditional_analyst_base_20260521_v1,receivables_rate_of_fiscal_net_sales,2029-02-01,2030-01-31,0.0158,DECIMAL_RATE,A_FY26_AR_RATIO,CORE_LINKED_DRIVER,CONSOLIDATED_BASE,WITHHELD,wmt_actual_fy27q1_8k_20260521
wmt_conditional_base_v1,ANALYST_BASE,wmt_conditional_analyst_base_20260521_v1,share_issuance,2029-02-01,2030-01-31,0,USD,A_NO_SHARE_ISSUANCE,CORE_LINKED_DRIVER,CONSOLIDATED_BASE,WITHHELD,wmt_actual_fy27q1_8k_20260521
wmt_conditional_base_v1,ANALYST_BASE,wmt_conditional_analyst_base_20260521_v1,share_repurchases,2029-02-01,2030-01-31,0,USD,A_NO_SHARE_BUYBACK,CORE_LINKED_DRIVER,CONSOLIDATED_BASE,WITHHELD,wmt_actual_fy27q1_8k_20260521
wmt_conditional_base_v1,ANALYST_BASE,wmt_conditional_analyst_base_20260521_v1,tax_rate_on_pretax_income,2029-02-01,2030-01-31,0.24,USD,A_TAX_RATE_24,CORE_LINKED_DRIVER,CONSOLIDATED_BASE,WITHHELD,wmt_actual_fy27q1_8k_20260521
wmt_conditional_base_v1,ANALYST_BASE,wmt_conditional_analyst_base_20260521_v1,accrued_operating_liabilities_rate_of_fiscal_net_sales,2030-02-01,2031-01-31,0.0442,DECIMAL_RATE,A_FY26_ACCRUED_RATIO,CORE_LINKED_DRIVER,CONSOLIDATED_BASE,WITHHELD,wmt_actual_fy27q1_8k_20260521
wmt_conditional_base_v1,ANALYST_BASE,wmt_conditional_analyst_base_20260521_v1,capex_rate_of_fiscal_net_sales,2030-02-01,2031-01-31,0.0377,DECIMAL_RATE,A_FY31_CAPEX_RATE,CORE_LINKED_DRIVER,CONSOLIDATED_BASE,WITHHELD,wmt_actual_fy27q1_8k_20260521
wmt_conditional_base_v1,ANALYST_BASE,wmt_conditional_analyst_base_20260521_v1,cash_other_income,2030-02-01,2031-01-31,0,USD,A_OTHER_GAIN_ZERO_SCENARIO,CORE_LINKED_DRIVER,CONSOLIDATED_BASE,WITHHELD,wmt_actual_fy27q1_8k_20260521
wmt_conditional_base_v1,ANALYST_BASE,wmt_conditional_analyst_base_20260521_v1,cash_tax_rate_on_pretax_income,2030-02-01,2031-01-31,0.24,USD,A_CASH_TAX_EQUAL_PROVISION,CORE_LINKED_DRIVER,CONSOLIDATED_BASE,WITHHELD,wmt_actual_fy27q1_8k_20260521
wmt_conditional_base_v1,ANALYST_BASE,wmt_conditional_analyst_base_20260521_v1,comparable_prior_net_sales,2030-02-01,2031-01-31,820442771450.6400000000000,USD,D_FY30_FISCAL_SALES,CORE_LINKED_DRIVER,CONSOLIDATED_BASE,WITHHELD,wmt_actual_fy27q1_8k_20260521
wmt_conditional_base_v1,ANALYST_BASE,wmt_conditional_analyst_base_20260521_v1,comparable_prior_other_revenue,2030-02-01,2031-01-31,8257226398.20000000000,USD,D_FY30_FISCAL_OTHER_REVENUE,CORE_LINKED_DRIVER,CONSOLIDATED_BASE,WITHHELD,wmt_actual_fy27q1_8k_20260521
wmt_conditional_base_v1,ANALYST_BASE,wmt_conditional_analyst_base_20260521_v1,debt_carrying_noncash_change,2030-02-01,2031-01-31,0,USD,A_NO_DEBT_NONCASH_MOVEMENT,CORE_LINKED_DRIVER,CONSOLIDATED_BASE,WITHHELD,wmt_actual_fy27q1_8k_20260521
wmt_conditional_base_v1,ANALYST_BASE,wmt_conditional_analyst_base_20260521_v1,debt_issuance,2030-02-01,2031-01-31,0,USD,A_FY31_DEBT_ISSUE,CORE_LINKED_DRIVER,CONSOLIDATED_BASE,WITHHELD,wmt_actual_fy27q1_8k_20260521
wmt_conditional_base_v1,ANALYST_BASE,wmt_conditional_analyst_base_20260521_v1,debt_repayment,2030-02-01,2031-01-31,0,USD,A_FY31_DEBT_REPAY,CORE_LINKED_DRIVER,CONSOLIDATED_BASE,WITHHELD,wmt_actual_fy27q1_8k_20260521
wmt_conditional_base_v1,ANALYST_BASE,wmt_conditional_analyst_base_20260521_v1,depreciation_rate_of_total_revenue,2030-02-01,2031-01-31,0.0199,DECIMAL_RATE,A_FY26_DA_RATIO_PROXY,CORE_LINKED_DRIVER,CONSOLIDATED_BASE,WITHHELD,wmt_actual_fy27q1_8k_20260521
wmt_conditional_base_v1,ANALYST_BASE,wmt_conditional_analyst_base_20260521_v1,dividends_declared,2030-02-01,2031-01-31,7500000000,USD,A_FY31_DIVIDENDS_DECLARED,CORE_LINKED_DRIVER,CONSOLIDATED_BASE,WITHHELD,wmt_actual_fy27q1_8k_20260521
wmt_conditional_base_v1,ANALYST_BASE,wmt_conditional_analyst_base_20260521_v1,dividends_paid,2030-02-01,2031-01-31,7500000000,USD,A_FY31_DIVIDENDS_PAID,CORE_LINKED_DRIVER,CONSOLIDATED_BASE,WITHHELD,wmt_actual_fy27q1_8k_20260521
wmt_conditional_base_v1,ANALYST_BASE,wmt_conditional_analyst_base_20260521_v1,fiscal_year_capex_to_date,2030-02-01,2031-01-31,0,USD,A_FY31_FULL_YEAR_NO_PRIOR_YTD,CORE_LINKED_DRIVER,CONSOLIDATED_BASE,WITHHELD,wmt_actual_fy27q1_8k_20260521
wmt_conditional_base_v1,ANALYST_BASE,wmt_conditional_analyst_base_20260521_v1,fiscal_year_net_sales_to_date,2030-02-01,2031-01-31,0,USD,A_FY31_FULL_YEAR_NO_PRIOR_YTD,CORE_LINKED_DRIVER,CONSOLIDATED_BASE,WITHHELD,wmt_actual_fy27q1_8k_20260521
wmt_conditional_base_v1,ANALYST_BASE,wmt_conditional_analyst_base_20260521_v1,fiscal_year_other_revenue_to_date,2030-02-01,2031-01-31,0,USD,A_FY31_FULL_YEAR_NO_PRIOR_YTD,CORE_LINKED_DRIVER,CONSOLIDATED_BASE,WITHHELD,wmt_actual_fy27q1_8k_20260521
wmt_conditional_base_v1,ANALYST_BASE,wmt_conditional_analyst_base_20260521_v1,interest_expense,2030-02-01,2031-01-31,2681000000,USD,A_FY31_NET_INTEREST_CASH_PROXY,CORE_LINKED_DRIVER,CONSOLIDATED_BASE,WITHHELD,wmt_actual_fy27q1_8k_20260521
wmt_conditional_base_v1,ANALYST_BASE,wmt_conditional_analyst_base_20260521_v1,inventory_rate_of_fiscal_net_sales,2030-02-01,2031-01-31,0.0833,DECIMAL_RATE,A_FY26_INVENTORY_RATIO,CORE_LINKED_DRIVER,CONSOLIDATED_BASE,WITHHELD,wmt_actual_fy27q1_8k_20260521
wmt_conditional_base_v1,ANALYST_BASE,wmt_conditional_analyst_base_20260521_v1,net_sales_growth_rate,2030-02-01,2031-01-31,0.0325,DECIMAL_RATE,A_FY31_NET_SALES_GROWTH,CORE_LINKED_DRIVER,CONSOLIDATED_BASE,WITHHELD,wmt_actual_fy27q1_8k_20260521
wmt_conditional_base_v1,ANALYST_BASE,wmt_conditional_analyst_base_20260521_v1,operating_margin_of_total_revenue,2030-02-01,2031-01-31,0.0418,DECIMAL_RATE,A_FY26_GAAP_OPERATING_MARGIN_PROXY,CORE_LINKED_DRIVER,CONSOLIDATED_BASE,WITHHELD,wmt_actual_fy27q1_8k_20260521
wmt_conditional_base_v1,ANALYST_BASE,wmt_conditional_analyst_base_20260521_v1,other_comprehensive_income,2030-02-01,2031-01-31,0,USD,A_NO_FUTURE_OCI,CORE_LINKED_DRIVER,CONSOLIDATED_BASE,WITHHELD,wmt_actual_fy27q1_8k_20260521
wmt_conditional_base_v1,ANALYST_BASE,wmt_conditional_analyst_base_20260521_v1,other_liabilities_financing_cash_change,2030-02-01,2031-01-31,0,USD,A_STATIC_OTHER_LIABILITY_FINANCING,CORE_LINKED_DRIVER,CONSOLIDATED_BASE,WITHHELD,wmt_actual_fy27q1_8k_20260521
wmt_conditional_base_v1,ANALYST_BASE,wmt_conditional_analyst_base_20260521_v1,other_liabilities_noncash_change,2030-02-01,2031-01-31,0,USD,A_STATIC_OTHER_LIABILITY_NONCASH,CORE_LINKED_DRIVER,CONSOLIDATED_BASE,WITHHELD,wmt_actual_fy27q1_8k_20260521
wmt_conditional_base_v1,ANALYST_BASE,wmt_conditional_analyst_base_20260521_v1,other_liabilities_operating_cash_change,2030-02-01,2031-01-31,0,USD,A_STATIC_OTHER_LIABILITY_OPERATING,CORE_LINKED_DRIVER,CONSOLIDATED_BASE,WITHHELD,wmt_actual_fy27q1_8k_20260521
wmt_conditional_base_v1,ANALYST_BASE,wmt_conditional_analyst_base_20260521_v1,other_long_lived_assets_investing_cash_change,2030-02-01,2031-01-31,0,USD,A_NO_OTHER_LONG_ASSET_INVESTMENT,CORE_LINKED_DRIVER,CONSOLIDATED_BASE,WITHHELD,wmt_actual_fy27q1_8k_20260521
wmt_conditional_base_v1,ANALYST_BASE,wmt_conditional_analyst_base_20260521_v1,other_long_lived_assets_noncash_change,2030-02-01,2031-01-31,0,USD,A_STATIC_OTHER_LONG_ASSETS,CORE_LINKED_DRIVER,CONSOLIDATED_BASE,WITHHELD,wmt_actual_fy27q1_8k_20260521
wmt_conditional_base_v1,ANALYST_BASE,wmt_conditional_analyst_base_20260521_v1,other_operating_assets_rate_of_fiscal_net_sales,2030-02-01,2031-01-31,0.00584,DECIMAL_RATE,A_FY26_PREPAID_RATIO,CORE_LINKED_DRIVER,CONSOLIDATED_BASE,WITHHELD,wmt_actual_fy27q1_8k_20260521
wmt_conditional_base_v1,ANALYST_BASE,wmt_conditional_analyst_base_20260521_v1,other_revenue_growth_rate,2030-02-01,2031-01-31,0.0325,DECIMAL_RATE,A_FY31_OTHER_REVENUE_GROWTH,CORE_LINKED_DRIVER,CONSOLIDATED_BASE,WITHHELD,wmt_actual_fy27q1_8k_20260521
wmt_conditional_base_v1,ANALYST_BASE,wmt_conditional_analyst_base_20260521_v1,payables_rate_of_fiscal_net_sales,2030-02-01,2031-01-31,0.0893,DECIMAL_RATE,A_FY26_AP_RATIO,CORE_LINKED_DRIVER,CONSOLIDATED_BASE,WITHHELD,wmt_actual_fy27q1_8k_20260521
wmt_conditional_base_v1,ANALYST_BASE,wmt_conditional_analyst_base_20260521_v1,ppe_noncash_change,2030-02-01,2031-01-31,0,USD,A_NO_PPE_NONCASH_MOVEMENT,CORE_LINKED_DRIVER,CONSOLIDATED_BASE,WITHHELD,wmt_actual_fy27q1_8k_20260521
wmt_conditional_base_v1,ANALYST_BASE,wmt_conditional_analyst_base_20260521_v1,receivables_rate_of_fiscal_net_sales,2030-02-01,2031-01-31,0.0158,DECIMAL_RATE,A_FY26_AR_RATIO,CORE_LINKED_DRIVER,CONSOLIDATED_BASE,WITHHELD,wmt_actual_fy27q1_8k_20260521
wmt_conditional_base_v1,ANALYST_BASE,wmt_conditional_analyst_base_20260521_v1,share_issuance,2030-02-01,2031-01-31,0,USD,A_NO_SHARE_ISSUANCE,CORE_LINKED_DRIVER,CONSOLIDATED_BASE,WITHHELD,wmt_actual_fy27q1_8k_20260521
wmt_conditional_base_v1,ANALYST_BASE,wmt_conditional_analyst_base_20260521_v1,share_repurchases,2030-02-01,2031-01-31,0,USD,A_NO_SHARE_BUYBACK,CORE_LINKED_DRIVER,CONSOLIDATED_BASE,WITHHELD,wmt_actual_fy27q1_8k_20260521
wmt_conditional_base_v1,ANALYST_BASE,wmt_conditional_analyst_base_20260521_v1,tax_rate_on_pretax_income,2030-02-01,2031-01-31,0.24,USD,A_TAX_RATE_24,CORE_LINKED_DRIVER,CONSOLIDATED_BASE,WITHHELD,wmt_actual_fy27q1_8k_20260521
